﻿<?xml version="1.0" encoding="utf-8"?>
<!--  Calculation Linkbase Generated by IRIS iFile Tool  -->
<linkbase xmlns:xsi="http://www.w3.org/2001/XMLSchema-instance" xsi:schemaLocation="http://www.xbrl.org/2003/linkbase http://www.xbrl.org/2003/xbrl-linkbase-2003-12-31.xsd" xmlns="http://www.xbrl.org/2003/linkbase" xmlns:xlink="http://www.w3.org/1999/xlink" xmlns:xbrli="http://www.xbrl.org/2003/instance" xmlns:xbrldt="http://xbrl.org/2005/xbrldt">
  <roleRef roleURI="http://www.cmp.com/cmp-2018-03-09/role/rol-dbd_StatementOfFinancialPosition" xlink:type="simple" xlink:href="cmp_2017-12-31.xsd#rol-dbd_StatementOfFinancialPosition" />
  <roleRef roleURI="http://www.cmp.com/cmp-2018-03-09/role/rol-dbd_StatementOfIncomeStatementOfComprehensiveIncomeByFunctionOfExpenseSingleStepOneStatement" xlink:type="simple" xlink:href="cmp_2017-12-31.xsd#rol-dbd_StatementOfIncomeStatementOfComprehensiveIncomeByFunctionOfExpenseSingleStepOneStatement" />
  <calculationLink xlink:type="extended" xlink:role="http://www.cmp.com/cmp-2018-03-09/role/rol-dbd_StatementOfFinancialPosition">
    <loc xlink:type="locator" xlink:href="elts/elts_tfrs/tfrs-npae/tfrs-npae-cor_2015-01-01.xsd#tfrs-npae_CurrentAssets" xlink:label="CurrentAssets" />
    <loc xlink:type="locator" xlink:href="elts/elts_tfrs/tfrs-npae/tfrs-npae-cor_2015-01-01.xsd#tfrs-npae_CashAndCashEquivalents" xlink:label="CashAndCashEquivalents" />
    <loc xlink:type="locator" xlink:href="elts/elts_tfrs/tfrs-npae/tfrs-npae-cor_2015-01-01.xsd#tfrs-npae_CurrentInvestments" xlink:label="CurrentInvestments" />
    <loc xlink:type="locator" xlink:href="elts/elts_tfrs/tfrs-npae/tfrs-npae-cor_2015-01-01.xsd#tfrs-npae_TradeAndOtherReceivables" xlink:label="TradeAndOtherReceivables" />
    <loc xlink:type="locator" xlink:href="elts/elts_tfrs/tfrs-npae/tfrs-npae-cor_2015-01-01.xsd#tfrs-npae_CurrentLoansAndAdvances" xlink:label="CurrentLoansAndAdvances" />
    <loc xlink:type="locator" xlink:href="elts/elts_tfrs/tfrs-npae/tfrs-npae-cor_2015-01-01.xsd#tfrs-npae_Inventories" xlink:label="Inventories" />
    <loc xlink:type="locator" xlink:href="elts/elts_tfrs/tfrs-npae/tfrs-npae-cor_2015-01-01.xsd#tfrs-npae_OtherCurrentAssets" xlink:label="OtherCurrentAssets" />
    <loc xlink:type="locator" xlink:href="elts/elts_tfrs/tfrs-npae/tfrs-npae-cor_2015-01-01.xsd#tfrs-npae_NonCurrentAssets" xlink:label="NonCurrentAssets" />
    <loc xlink:type="locator" xlink:href="elts/elts_tfrs/tfrs-npae/tfrs-npae-cor_2015-01-01.xsd#tfrs-npae_InvestmentsHeldAsAvailableForSale" xlink:label="InvestmentsHeldAsAvailableForSale" />
    <loc xlink:type="locator" xlink:href="elts/elts_tfrs/tfrs-npae/tfrs-npae-cor_2015-01-01.xsd#tfrs-npae_InvestmentsInAssociates" xlink:label="InvestmentsInAssociates" />
    <loc xlink:type="locator" xlink:href="elts/elts_tfrs/tfrs-npae/tfrs-npae-cor_2015-01-01.xsd#tfrs-npae_InvestmentsInSubsidiaries" xlink:label="InvestmentsInSubsidiaries" />
    <loc xlink:type="locator" xlink:href="elts/elts_tfrs/tfrs-npae/tfrs-npae-cor_2015-01-01.xsd#tfrs-npae_InvestmentsInJointVentures" xlink:label="InvestmentsInJointVentures" />
    <loc xlink:type="locator" xlink:href="elts/elts_tfrs/tfrs-npae/tfrs-npae-cor_2015-01-01.xsd#tfrs-npae_OtherNonCurrentInvestments" xlink:label="OtherNonCurrentInvestments" />
    <loc xlink:type="locator" xlink:href="elts/elts_tfrs/tfrs-npae/tfrs-npae-cor_2015-01-01.xsd#tfrs-npae_NonCurrentLoansAndAdvances" xlink:label="NonCurrentLoansAndAdvances" />
    <loc xlink:type="locator" xlink:href="elts/elts_tfrs/tfrs-npae/tfrs-npae-cor_2015-01-01.xsd#tfrs-npae_InvestmentProperty" xlink:label="InvestmentProperty" />
    <loc xlink:type="locator" xlink:href="elts/elts_tfrs/tfrs-npae/tfrs-npae-cor_2015-01-01.xsd#tfrs-npae_NonCurrentAssetsClassifiedAsHeldForSale" xlink:label="NonCurrentAssetsClassifiedAsHeldForSale" />
    <loc xlink:type="locator" xlink:href="elts/elts_tfrs/tfrs-npae/tfrs-npae-cor_2015-01-01.xsd#tfrs-npae_PropertyPlantAndEquipment" xlink:label="PropertyPlantAndEquipment" />
    <loc xlink:type="locator" xlink:href="elts/elts_tfrs/tfrs-npae/tfrs-npae-cor_2015-01-01.xsd#tfrs-npae_IntangibleAssets" xlink:label="IntangibleAssets" />
    <loc xlink:type="locator" xlink:href="elts/elts_tfrs/tfrs-npae/tfrs-npae-cor_2015-01-01.xsd#tfrs-npae_OtherNonCurrentAssets" xlink:label="OtherNonCurrentAssets" />
    <loc xlink:type="locator" xlink:href="elts/elts_tfrs/tfrs-npae/tfrs-npae-cor_2015-01-01.xsd#tfrs-npae_Assets" xlink:label="Assets" />
    <loc xlink:type="locator" xlink:href="elts/elts_tfrs/tfrs-npae/tfrs-npae-cor_2015-01-01.xsd#tfrs-npae_CurrentLiabilities" xlink:label="CurrentLiabilities" />
    <loc xlink:type="locator" xlink:href="elts/elts_tfrs/tfrs-npae/tfrs-npae-cor_2015-01-01.xsd#tfrs-npae_BankOverdraftsAndShortTermBorrowingFromFinancialInstitutions" xlink:label="BankOverdraftsAndShortTermBorrowingFromFinancialInstitutions" />
    <loc xlink:type="locator" xlink:href="elts/elts_tfrs/tfrs-npae/tfrs-npae-cor_2015-01-01.xsd#tfrs-npae_TradeAndOtherPayables" xlink:label="TradeAndOtherPayables" />
    <loc xlink:type="locator" xlink:href="elts/elts_tfrs/tfrs-npae/tfrs-npae-cor_2015-01-01.xsd#tfrs-npae_CurrentPortionOfLongTermLiabilities" xlink:label="CurrentPortionOfLongTermLiabilities" />
    <loc xlink:type="locator" xlink:href="elts/elts_tfrs/tfrs-npae/tfrs-npae-cor_2015-01-01.xsd#tfrs-npae_ShortTermBorrowings" xlink:label="ShortTermBorrowings" />
    <loc xlink:type="locator" xlink:href="elts/elts_tfrs/tfrs-npae/tfrs-npae-cor_2015-01-01.xsd#tfrs-npae_CurrentIncomeTaxPayable" xlink:label="CurrentIncomeTaxPayable" />
    <loc xlink:type="locator" xlink:href="elts/elts_tfrs/tfrs-npae/tfrs-npae-cor_2015-01-01.xsd#tfrs-npae_ShortTermProvisions" xlink:label="ShortTermProvisions" />
    <loc xlink:type="locator" xlink:href="elts/elts_tfrs/tfrs-npae/tfrs-npae-cor_2015-01-01.xsd#tfrs-npae_OtherCurrentLiabilities" xlink:label="OtherCurrentLiabilities" />
    <loc xlink:type="locator" xlink:href="elts/elts_tfrs/tfrs-npae/tfrs-npae-cor_2015-01-01.xsd#tfrs-npae_NonCurrentLiabilities" xlink:label="NonCurrentLiabilities" />
    <loc xlink:type="locator" xlink:href="elts/elts_tfrs/tfrs-npae/tfrs-npae-cor_2015-01-01.xsd#tfrs-npae_LongTermBorrowings" xlink:label="LongTermBorrowings" />
    <loc xlink:type="locator" xlink:href="elts/elts_tfrs/tfrs-npae/tfrs-npae-cor_2015-01-01.xsd#tfrs-npae_EmployeeBenefitObligation" xlink:label="EmployeeBenefitObligation" />
    <loc xlink:type="locator" xlink:href="elts/elts_tfrs/tfrs-npae/tfrs-npae-cor_2015-01-01.xsd#tfrs-npae_LongTermProvisions" xlink:label="LongTermProvisions" />
    <loc xlink:type="locator" xlink:href="elts/elts_tfrs/tfrs-npae/tfrs-npae-cor_2015-01-01.xsd#tfrs-npae_OtherNonCurrentLiabilities" xlink:label="OtherNonCurrentLiabilities" />
    <loc xlink:type="locator" xlink:href="elts/elts_tfrs/tfrs-npae/tfrs-npae-cor_2015-01-01.xsd#tfrs-npae_Liabilities" xlink:label="Liabilities" />
    <loc xlink:type="locator" xlink:href="elts/elts_tfrs/tfrs-npae/tfrs-npae-cor_2015-01-01.xsd#tfrs-npae_Equity" xlink:label="Equity" />
    <loc xlink:type="locator" xlink:href="elts/elts_tfrs/tfrs-npae/tfrs-npae-cor_2015-01-01.xsd#tfrs-npae_PartnersCapital" xlink:label="PartnersCapital" />
    <loc xlink:type="locator" xlink:href="elts/elts_tfrs/tfrs-npae/tfrs-npae-cor_2015-01-01.xsd#tfrs-npae_UnappropriatedRetainedEarnings" xlink:label="UnappropriatedRetainedEarnings" />
    <loc xlink:type="locator" xlink:href="elts/elts_tfrs/tfrs-npae/tfrs-npae-cor_2015-01-01.xsd#tfrs-npae_OtherComponentsOfEquity" xlink:label="OtherComponentsOfEquity" />
    <loc xlink:type="locator" xlink:href="elts/elts_tfrs/tfrs-npae/tfrs-npae-cor_2015-01-01.xsd#tfrs-npae_LiabilitiesAndEquity" xlink:label="LiabilitiesAndEquity" />
    <calculationArc xlink:type="arc" xlink:arcrole="http://www.xbrl.org/2003/arcrole/summation-item" xlink:from="CurrentAssets" xlink:to="CashAndCashEquivalents" use="optional" order="1" weight="1" />
    <calculationArc xlink:type="arc" xlink:arcrole="http://www.xbrl.org/2003/arcrole/summation-item" xlink:from="CurrentAssets" xlink:to="CurrentInvestments" use="optional" order="2" weight="1" />
    <calculationArc xlink:type="arc" xlink:arcrole="http://www.xbrl.org/2003/arcrole/summation-item" xlink:from="CurrentAssets" xlink:to="TradeAndOtherReceivables" use="optional" order="3" weight="1" />
    <calculationArc xlink:type="arc" xlink:arcrole="http://www.xbrl.org/2003/arcrole/summation-item" xlink:from="CurrentAssets" xlink:to="CurrentLoansAndAdvances" use="optional" order="4" weight="1" />
    <calculationArc xlink:type="arc" xlink:arcrole="http://www.xbrl.org/2003/arcrole/summation-item" xlink:from="CurrentAssets" xlink:to="Inventories" use="optional" order="5" weight="1" />
    <calculationArc xlink:type="arc" xlink:arcrole="http://www.xbrl.org/2003/arcrole/summation-item" xlink:from="CurrentAssets" xlink:to="OtherCurrentAssets" use="optional" order="6" weight="1" />
    <calculationArc xlink:type="arc" xlink:arcrole="http://www.xbrl.org/2003/arcrole/summation-item" xlink:from="NonCurrentAssets" xlink:to="InvestmentsHeldAsAvailableForSale" use="optional" order="1" weight="1" />
    <calculationArc xlink:type="arc" xlink:arcrole="http://www.xbrl.org/2003/arcrole/summation-item" xlink:from="NonCurrentAssets" xlink:to="InvestmentsInAssociates" use="optional" order="2" weight="1" />
    <calculationArc xlink:type="arc" xlink:arcrole="http://www.xbrl.org/2003/arcrole/summation-item" xlink:from="NonCurrentAssets" xlink:to="InvestmentsInSubsidiaries" use="optional" order="3" weight="1" />
    <calculationArc xlink:type="arc" xlink:arcrole="http://www.xbrl.org/2003/arcrole/summation-item" xlink:from="NonCurrentAssets" xlink:to="InvestmentsInJointVentures" use="optional" order="4" weight="1" />
    <calculationArc xlink:type="arc" xlink:arcrole="http://www.xbrl.org/2003/arcrole/summation-item" xlink:from="NonCurrentAssets" xlink:to="OtherNonCurrentInvestments" use="optional" order="5" weight="1" />
    <calculationArc xlink:type="arc" xlink:arcrole="http://www.xbrl.org/2003/arcrole/summation-item" xlink:from="NonCurrentAssets" xlink:to="NonCurrentLoansAndAdvances" use="optional" order="6" weight="1" />
    <calculationArc xlink:type="arc" xlink:arcrole="http://www.xbrl.org/2003/arcrole/summation-item" xlink:from="NonCurrentAssets" xlink:to="InvestmentProperty" use="optional" order="7" weight="1" />
    <calculationArc xlink:type="arc" xlink:arcrole="http://www.xbrl.org/2003/arcrole/summation-item" xlink:from="NonCurrentAssets" xlink:to="NonCurrentAssetsClassifiedAsHeldForSale" use="optional" order="8" weight="1" />
    <calculationArc xlink:type="arc" xlink:arcrole="http://www.xbrl.org/2003/arcrole/summation-item" xlink:from="NonCurrentAssets" xlink:to="PropertyPlantAndEquipment" use="optional" order="9" weight="1" />
    <calculationArc xlink:type="arc" xlink:arcrole="http://www.xbrl.org/2003/arcrole/summation-item" xlink:from="NonCurrentAssets" xlink:to="IntangibleAssets" use="optional" order="10" weight="1" />
    <calculationArc xlink:type="arc" xlink:arcrole="http://www.xbrl.org/2003/arcrole/summation-item" xlink:from="NonCurrentAssets" xlink:to="OtherNonCurrentAssets" use="optional" order="11" weight="1" />
    <calculationArc xlink:type="arc" xlink:arcrole="http://www.xbrl.org/2003/arcrole/summation-item" xlink:from="Assets" xlink:to="CurrentAssets" use="optional" order="1" weight="1" />
    <calculationArc xlink:type="arc" xlink:arcrole="http://www.xbrl.org/2003/arcrole/summation-item" xlink:from="Assets" xlink:to="NonCurrentAssets" use="optional" order="2" weight="1" />
    <calculationArc xlink:type="arc" xlink:arcrole="http://www.xbrl.org/2003/arcrole/summation-item" xlink:from="CurrentLiabilities" xlink:to="BankOverdraftsAndShortTermBorrowingFromFinancialInstitutions" use="optional" order="1" weight="1" />
    <calculationArc xlink:type="arc" xlink:arcrole="http://www.xbrl.org/2003/arcrole/summation-item" xlink:from="CurrentLiabilities" xlink:to="TradeAndOtherPayables" use="optional" order="2" weight="1" />
    <calculationArc xlink:type="arc" xlink:arcrole="http://www.xbrl.org/2003/arcrole/summation-item" xlink:from="CurrentLiabilities" xlink:to="CurrentPortionOfLongTermLiabilities" use="optional" order="3" weight="1" />
    <calculationArc xlink:type="arc" xlink:arcrole="http://www.xbrl.org/2003/arcrole/summation-item" xlink:from="CurrentLiabilities" xlink:to="ShortTermBorrowings" use="optional" order="4" weight="1" />
    <calculationArc xlink:type="arc" xlink:arcrole="http://www.xbrl.org/2003/arcrole/summation-item" xlink:from="CurrentLiabilities" xlink:to="CurrentIncomeTaxPayable" use="optional" order="5" weight="1" />
    <calculationArc xlink:type="arc" xlink:arcrole="http://www.xbrl.org/2003/arcrole/summation-item" xlink:from="CurrentLiabilities" xlink:to="ShortTermProvisions" use="optional" order="6" weight="1" />
    <calculationArc xlink:type="arc" xlink:arcrole="http://www.xbrl.org/2003/arcrole/summation-item" xlink:from="CurrentLiabilities" xlink:to="OtherCurrentLiabilities" use="optional" order="7" weight="1" />
    <calculationArc xlink:type="arc" xlink:arcrole="http://www.xbrl.org/2003/arcrole/summation-item" xlink:from="NonCurrentLiabilities" xlink:to="LongTermBorrowings" use="optional" order="1" weight="1" />
    <calculationArc xlink:type="arc" xlink:arcrole="http://www.xbrl.org/2003/arcrole/summation-item" xlink:from="NonCurrentLiabilities" xlink:to="EmployeeBenefitObligation" use="optional" order="2" weight="1" />
    <calculationArc xlink:type="arc" xlink:arcrole="http://www.xbrl.org/2003/arcrole/summation-item" xlink:from="NonCurrentLiabilities" xlink:to="LongTermProvisions" use="optional" order="3" weight="1" />
    <calculationArc xlink:type="arc" xlink:arcrole="http://www.xbrl.org/2003/arcrole/summation-item" xlink:from="NonCurrentLiabilities" xlink:to="OtherNonCurrentLiabilities" use="optional" order="4" weight="1" />
    <calculationArc xlink:type="arc" xlink:arcrole="http://www.xbrl.org/2003/arcrole/summation-item" xlink:from="Liabilities" xlink:to="CurrentLiabilities" use="optional" order="1" weight="1" />
    <calculationArc xlink:type="arc" xlink:arcrole="http://www.xbrl.org/2003/arcrole/summation-item" xlink:from="Liabilities" xlink:to="NonCurrentLiabilities" use="optional" order="2" weight="1" />
    <calculationArc xlink:type="arc" xlink:arcrole="http://www.xbrl.org/2003/arcrole/summation-item" xlink:from="Equity" xlink:to="PartnersCapital" use="optional" order="1" weight="1" />
    <calculationArc xlink:type="arc" xlink:arcrole="http://www.xbrl.org/2003/arcrole/summation-item" xlink:from="Equity" xlink:to="UnappropriatedRetainedEarnings" use="optional" order="2" weight="1" />
    <calculationArc xlink:type="arc" xlink:arcrole="http://www.xbrl.org/2003/arcrole/summation-item" xlink:from="Equity" xlink:to="OtherComponentsOfEquity" use="optional" order="3" weight="1" />
    <calculationArc xlink:type="arc" xlink:arcrole="http://www.xbrl.org/2003/arcrole/summation-item" xlink:from="LiabilitiesAndEquity" xlink:to="Liabilities" use="optional" order="1" weight="1" />
    <calculationArc xlink:type="arc" xlink:arcrole="http://www.xbrl.org/2003/arcrole/summation-item" xlink:from="LiabilitiesAndEquity" xlink:to="Equity" use="optional" order="2" weight="1" />
  </calculationLink>
  <calculationLink xlink:type="extended" xlink:role="http://www.cmp.com/cmp-2018-03-09/role/rol-dbd_StatementOfIncomeStatementOfComprehensiveIncomeByFunctionOfExpenseSingleStepOneStatement">
    <loc xlink:type="locator" xlink:href="elts/elts_tfrs/tfrs-npae/tfrs-npae-cor_2015-01-01.xsd#tfrs-npae_Revenue" xlink:label="Revenue" />
    <loc xlink:type="locator" xlink:href="elts/elts_tfrs/tfrs-npae/tfrs-npae-cor_2015-01-01.xsd#tfrs-npae_RevenuesFromSalesOrRevenuesFromServices" xlink:label="RevenuesFromSalesOrRevenuesFromServices" />
    <loc xlink:type="locator" xlink:href="elts/elts_tfrs/tfrs-npae/tfrs-npae-cor_2015-01-01.xsd#tfrs-npae_InterestIncome" xlink:label="InterestIncome" />
    <loc xlink:type="locator" xlink:href="elts/elts_tfrs/tfrs-npae/tfrs-npae-cor_2015-01-01.xsd#tfrs-npae_ContractRevenue" xlink:label="ContractRevenue" />
    <loc xlink:type="locator" xlink:href="elts/elts_tfrs/tfrs-npae/tfrs-npae-cor_2015-01-01.xsd#tfrs-npae_OtherIncomes" xlink:label="OtherIncomes" />
    <loc xlink:type="locator" xlink:href="elts/elts_tfrs/tfrs-npae/tfrs-npae-cor_2015-01-01.xsd#tfrs-npae_Expenses" xlink:label="Expenses" />
    <loc xlink:type="locator" xlink:href="elts/elts_tfrs/tfrs-npae/tfrs-npae-cor_2015-01-01.xsd#tfrs-npae_CostsOfSaleOfGoodsAndRenderingOfServices" xlink:label="CostsOfSaleOfGoodsAndRenderingOfServices" />
    <loc xlink:type="locator" xlink:href="elts/elts_tfrs/tfrs-npae/tfrs-npae-cor_2015-01-01.xsd#tfrs-npae_ContractCosts" xlink:label="ContractCosts" />
    <loc xlink:type="locator" xlink:href="elts/elts_tfrs/tfrs-npae/tfrs-npae-cor_2015-01-01.xsd#tfrs-npae_SellingExpense" xlink:label="SellingExpense" />
    <loc xlink:type="locator" xlink:href="elts/elts_tfrs/tfrs-npae/tfrs-npae-cor_2015-01-01.xsd#tfrs-npae_AdministrativeExpense" xlink:label="AdministrativeExpense" />
    <loc xlink:type="locator" xlink:href="elts/elts_tfrs/tfrs-npae/tfrs-npae-cor_2015-01-01.xsd#tfrs-npae_OtherExpenses" xlink:label="OtherExpenses" />
    <loc xlink:type="locator" xlink:href="elts/elts_tfrs/tfrs-npae/tfrs-npae-cor_2015-01-01.xsd#tfrs-npae_ProfitLossBeforeFinanceCostsAndIncomeTaxExpense" xlink:label="ProfitLossBeforeFinanceCostsAndIncomeTaxExpense" />
    <loc xlink:type="locator" xlink:href="elts/elts_tfrs/tfrs-npae/tfrs-npae-cor_2015-01-01.xsd#tfrs-npae_ProfitLossBeforeIncomeTaxExpense" xlink:label="ProfitLossBeforeIncomeTaxExpense" />
    <loc xlink:type="locator" xlink:href="elts/elts_tfrs/tfrs-npae/tfrs-npae-cor_2015-01-01.xsd#tfrs-npae_FinanceCosts" xlink:label="FinanceCosts" />
    <loc xlink:type="locator" xlink:href="elts/elts_tfrs/tfrs-npae/tfrs-npae-cor_2015-01-01.xsd#tfrs-npae_ProfitLoss" xlink:label="ProfitLoss" />
    <loc xlink:type="locator" xlink:href="elts/elts_tfrs/tfrs-npae/tfrs-npae-cor_2015-01-01.xsd#tfrs-npae_TaxExpenseIncome" xlink:label="TaxExpenseIncome" />
    <calculationArc xlink:type="arc" xlink:arcrole="http://www.xbrl.org/2003/arcrole/summation-item" xlink:from="Revenue" xlink:to="RevenuesFromSalesOrRevenuesFromServices" use="optional" order="1" weight="1" />
    <calculationArc xlink:type="arc" xlink:arcrole="http://www.xbrl.org/2003/arcrole/summation-item" xlink:from="Revenue" xlink:to="InterestIncome" use="optional" order="2" weight="1" />
    <calculationArc xlink:type="arc" xlink:arcrole="http://www.xbrl.org/2003/arcrole/summation-item" xlink:from="Revenue" xlink:to="ContractRevenue" use="optional" order="3" weight="1" />
    <calculationArc xlink:type="arc" xlink:arcrole="http://www.xbrl.org/2003/arcrole/summation-item" xlink:from="Revenue" xlink:to="OtherIncomes" use="optional" order="4" weight="1" />
    <calculationArc xlink:type="arc" xlink:arcrole="http://www.xbrl.org/2003/arcrole/summation-item" xlink:from="Expenses" xlink:to="CostsOfSaleOfGoodsAndRenderingOfServices" use="optional" order="1" weight="1" />
    <calculationArc xlink:type="arc" xlink:arcrole="http://www.xbrl.org/2003/arcrole/summation-item" xlink:from="Expenses" xlink:to="ContractCosts" use="optional" order="2" weight="1" />
    <calculationArc xlink:type="arc" xlink:arcrole="http://www.xbrl.org/2003/arcrole/summation-item" xlink:from="Expenses" xlink:to="SellingExpense" use="optional" order="3" weight="1" />
    <calculationArc xlink:type="arc" xlink:arcrole="http://www.xbrl.org/2003/arcrole/summation-item" xlink:from="Expenses" xlink:to="AdministrativeExpense" use="optional" order="4" weight="1" />
    <calculationArc xlink:type="arc" xlink:arcrole="http://www.xbrl.org/2003/arcrole/summation-item" xlink:from="Expenses" xlink:to="OtherExpenses" use="optional" order="5" weight="1" />
    <calculationArc xlink:type="arc" xlink:arcrole="http://www.xbrl.org/2003/arcrole/summation-item" xlink:from="ProfitLossBeforeFinanceCostsAndIncomeTaxExpense" xlink:to="Revenue" use="optional" order="1" weight="1" />
    <calculationArc xlink:type="arc" xlink:arcrole="http://www.xbrl.org/2003/arcrole/summation-item" xlink:from="ProfitLossBeforeFinanceCostsAndIncomeTaxExpense" xlink:to="Expenses" use="optional" order="2" weight="-1" />
    <calculationArc xlink:type="arc" xlink:arcrole="http://www.xbrl.org/2003/arcrole/summation-item" xlink:from="ProfitLossBeforeIncomeTaxExpense" xlink:to="ProfitLossBeforeFinanceCostsAndIncomeTaxExpense" use="optional" order="1" weight="1" />
    <calculationArc xlink:type="arc" xlink:arcrole="http://www.xbrl.org/2003/arcrole/summation-item" xlink:from="ProfitLossBeforeIncomeTaxExpense" xlink:to="FinanceCosts" use="optional" order="2" weight="-1" />
    <calculationArc xlink:type="arc" xlink:arcrole="http://www.xbrl.org/2003/arcrole/summation-item" xlink:from="ProfitLoss" xlink:to="ProfitLossBeforeIncomeTaxExpense" use="optional" order="1" weight="1" />
    <calculationArc xlink:type="arc" xlink:arcrole="http://www.xbrl.org/2003/arcrole/summation-item" xlink:from="ProfitLoss" xlink:to="TaxExpenseIncome" use="optional" order="2" weight="-1" />
  </calculationLink>
</linkbase>