﻿<?xml version="1.0" encoding="utf-8"?>
<xbrli:xbrl xmlns:xbrli="http://www.xbrl.org/2003/instance" xmlns:link="http://www.xbrl.org/2003/linkbase" xmlns:xlink="http://www.w3.org/1999/xlink" xmlns:iso4217="http://www.xbrl.org/2003/iso4217" xmlns:dbd="http://www.dbd.go.th/xbrl/taxonomy/2015-01-01/elts/dbd" xmlns:tfrs-npae="http://www.dbd.go.th/xbrl/taxonomy/2015-01-01/elts/tfrs-npae">
<link:schemaRef xlink:type="simple" xlink:href="cmp_2017-12-31.xsd" />
<xbrli:context id="fromto_20170101_20171231">
<xbrli:entity>
<xbrli:identifier scheme="http://www.cmp.com/">0143546001388</xbrli:identifier>
</xbrli:entity>
<xbrli:period>
<xbrli:startDate>2017-01-01</xbrli:startDate>
<xbrli:endDate>2017-12-31</xbrli:endDate>
</xbrli:period>
</xbrli:context>
<xbrli:context id="asof_20171231">
<xbrli:entity>
<xbrli:identifier scheme="http://www.cmp.com/">0143546001388</xbrli:identifier>
</xbrli:entity>
<xbrli:period>
<xbrli:instant>2017-12-31</xbrli:instant>
</xbrli:period>
</xbrli:context>

<xbrli:unit id="THB">
<xbrli:measure>iso4217:THB</xbrli:measure>
</xbrli:unit>

<dbd:JuristicPersonIdentificationNumber contextRef="fromto_20170101_20171231">0143546001388</dbd:JuristicPersonIdentificationNumber>
<dbd:TypeOfJuristicPerson contextRef="fromto_20170101_20171231">ห้างหุ้นส่วนจดทะเบียน (Partnership)</dbd:TypeOfJuristicPerson>
<dbd:NameOfJuristicPerson contextRef="fromto_20170101_20171231">ห้างหุ้นส่วนจำกัด เอื้ออาทร โลจิสติกส์</dbd:NameOfJuristicPerson>
<dbd:WhetherFilingFinancialStatementsThroughEFilingSystemForFirstTime contextRef="fromto_20170101_20171231">true</dbd:WhetherFilingFinancialStatementsThroughEFilingSystemForFirstTime>
<dbd:WhetherFilingFirstFinancialStatementsSinceIncorporationOrFormationOfLegalEntity contextRef="fromto_20170101_20171231">false</dbd:WhetherFilingFirstFinancialStatementsSinceIncorporationOrFormationOfLegalEntity>
<dbd:StartDateOfCurrentReportingPeriod contextRef="asof_20171231">2017-01-01</dbd:StartDateOfCurrentReportingPeriod>
<dbd:EndDateOfCurrentReportingPeriod contextRef="asof_20171231">2017-12-31</dbd:EndDateOfCurrentReportingPeriod>
<dbd:StartDateOfPreviousReportingPeriod contextRef="asof_20171231">2016-01-01</dbd:StartDateOfPreviousReportingPeriod>
<dbd:EndDateOfPreviousReportingPeriod contextRef="asof_20171231">2016-12-31</dbd:EndDateOfPreviousReportingPeriod>
<dbd:TypeOfBusinessSector contextRef="fromto_20170101_20171231">ทั่วไป(Others)</dbd:TypeOfBusinessSector>
<dbd:FinancialReportingStandardAdoptedInPreparationOfFinancialStatements contextRef="fromto_20170101_20171231">TFRS สำหรับกิจการที่ไม่มีส่วนได้เสียสาธารณะ (TFRS for NPAEs)</dbd:FinancialReportingStandardAdoptedInPreparationOfFinancialStatements>
<dbd:TemplateOfFinancialStatements contextRef="fromto_20170101_20171231">รูปแบบทั่วไป (General template)</dbd:TemplateOfFinancialStatements>
<dbd:NatureOfFinancialStatements contextRef="fromto_20170101_20171231">งบการเงินเฉพาะกิจการ (Separate Financial Statements)</dbd:NatureOfFinancialStatements>
<dbd:WhetherThereAreRestatementOrReclassificationToComparativeAmounts contextRef="fromto_20170101_20171231">false</dbd:WhetherThereAreRestatementOrReclassificationToComparativeAmounts>
<dbd:WhetherRestatedReclassifiedOpeningBalancesForPreviousFinancialReportingPeriodAreToBePresentedInStatementOfFinancialPosition contextRef="fromto_20170101_20171231">false</dbd:WhetherRestatedReclassifiedOpeningBalancesForPreviousFinancialReportingPeriodAreToBePresentedInStatementOfFinancialPosition>
<dbd:AuditStatusOfFinancialStatements contextRef="fromto_20170101_20171231">ตรวจสอบแล้ว (Audited)</dbd:AuditStatusOfFinancialStatements>
<dbd:DescriptionOfPresentationCurrency contextRef="fromto_20170101_20171231">บาท</dbd:DescriptionOfPresentationCurrency>
<dbd:LevelOfRoundingOffUsedInFinancialStatements contextRef="fromto_20170101_20171231">แสดงตามจริง (Actuals)</dbd:LevelOfRoundingOffUsedInFinancialStatements>
<tfrs-npae:CashAndCashEquivalents contextRef="asof_20171231" unitRef="THB" decimals="1">887069.3</tfrs-npae:CashAndCashEquivalents>
<tfrs-npae:TradeAndOtherReceivables contextRef="asof_20171231" unitRef="THB" decimals="2">1150325.85</tfrs-npae:TradeAndOtherReceivables>
<tfrs-npae:OtherCurrentAssets contextRef="asof_20171231" unitRef="THB" decimals="2">62530.85</tfrs-npae:OtherCurrentAssets>
<tfrs-npae:CurrentAssets contextRef="asof_20171231" unitRef="THB" decimals="0">2099926</tfrs-npae:CurrentAssets>
<tfrs-npae:NonCurrentLoansAndAdvances contextRef="asof_20171231" unitRef="THB" decimals="0">1000000</tfrs-npae:NonCurrentLoansAndAdvances>
<tfrs-npae:PropertyPlantAndEquipment contextRef="asof_20171231" unitRef="THB" decimals="2">320835.45</tfrs-npae:PropertyPlantAndEquipment>
<tfrs-npae:NonCurrentAssets contextRef="asof_20171231" unitRef="THB" decimals="2">1320835.45</tfrs-npae:NonCurrentAssets>
<tfrs-npae:Assets contextRef="asof_20171231" unitRef="THB" decimals="2">3420761.45</tfrs-npae:Assets>
<tfrs-npae:TradeAndOtherPayables contextRef="asof_20171231" unitRef="THB" decimals="2">55205.72</tfrs-npae:TradeAndOtherPayables>
<tfrs-npae:CurrentLiabilities contextRef="asof_20171231" unitRef="THB" decimals="2">55205.72</tfrs-npae:CurrentLiabilities>
<tfrs-npae:Liabilities contextRef="asof_20171231" unitRef="THB" decimals="2">55205.72</tfrs-npae:Liabilities>
<tfrs-npae:PartnersCapital contextRef="asof_20171231" unitRef="THB" decimals="0">1000000</tfrs-npae:PartnersCapital>
<tfrs-npae:UnappropriatedRetainedEarnings contextRef="asof_20171231" unitRef="THB" decimals="2">2365555.73</tfrs-npae:UnappropriatedRetainedEarnings>
<tfrs-npae:Equity contextRef="asof_20171231" unitRef="THB" decimals="2">3365555.73</tfrs-npae:Equity>
<tfrs-npae:LiabilitiesAndEquity contextRef="asof_20171231" unitRef="THB" decimals="2">3420761.45</tfrs-npae:LiabilitiesAndEquity>
<tfrs-npae:RevenuesFromSalesOrRevenuesFromServices contextRef="fromto_20170101_20171231" unitRef="THB" decimals="2">10024118.14</tfrs-npae:RevenuesFromSalesOrRevenuesFromServices>
<tfrs-npae:OtherIncomes contextRef="fromto_20170101_20171231" unitRef="THB" decimals="2">30002.99</tfrs-npae:OtherIncomes>
<tfrs-npae:Revenue contextRef="fromto_20170101_20171231" unitRef="THB" decimals="2">10054121.13</tfrs-npae:Revenue>
<tfrs-npae:CostsOfSaleOfGoodsAndRenderingOfServices contextRef="fromto_20170101_20171231" unitRef="THB" decimals="2">7981131.59</tfrs-npae:CostsOfSaleOfGoodsAndRenderingOfServices>
<tfrs-npae:AdministrativeExpense contextRef="fromto_20170101_20171231" unitRef="THB" decimals="2">1828689.16</tfrs-npae:AdministrativeExpense>
<tfrs-npae:Expenses contextRef="fromto_20170101_20171231" unitRef="THB" decimals="2">9809820.75</tfrs-npae:Expenses>
<tfrs-npae:ProfitLossBeforeFinanceCostsAndIncomeTaxExpense contextRef="fromto_20170101_20171231" unitRef="THB" decimals="2">244300.38</tfrs-npae:ProfitLossBeforeFinanceCostsAndIncomeTaxExpense>
<tfrs-npae:ProfitLossBeforeIncomeTaxExpense contextRef="fromto_20170101_20171231" unitRef="THB" decimals="2">244300.38</tfrs-npae:ProfitLossBeforeIncomeTaxExpense>
<tfrs-npae:ProfitLoss contextRef="fromto_20170101_20171231" unitRef="THB" decimals="2">244300.38</tfrs-npae:ProfitLoss>


</xbrli:xbrl>