﻿<?xml version="1.0" encoding="utf-8"?>
<SerialNotes>
  <ExtendedLink Name="rol-dbd_StatementOfFinancialPosition">
    <Element href="tfrs-npae-cor_2015-01-01.xsd#tfrs-npae_CashAndCashEquivalents" serialNote="3.3 และ 4" LabelRole="http://www.xbrl.org/2003/role/label" />
    <Element href="tfrs-npae-cor_2015-01-01.xsd#tfrs-npae_TradeAndOtherReceivables" serialNote="3.4 และ 5" LabelRole="http://www.xbrl.org/2003/role/label" />
    <Element href="tfrs-npae-cor_2015-01-01.xsd#tfrs-npae_OtherCurrentAssets" serialNote="6" LabelRole="http://www.xbrl.org/2003/role/label" />
    <Element href="tfrs-npae-cor_2015-01-01.xsd#tfrs-npae_NonCurrentLoansAndAdvances" serialNote="7" LabelRole="http://www.dbd.go.th/xbrl/taxonomy/2015-01-01/dbd-lab/rol/PresentationLabel" />
    <Element href="tfrs-npae-cor_2015-01-01.xsd#tfrs-npae_PropertyPlantAndEquipment" serialNote="3.5 และ 8" LabelRole="http://www.xbrl.org/2003/role/label" />
    <Element href="tfrs-npae-cor_2015-01-01.xsd#tfrs-npae_TradeAndOtherPayables" serialNote="3.6 และ 9" LabelRole="http://www.xbrl.org/2003/role/label" />
  </ExtendedLink>
  <ExtendedLink Name="rol-dbd_StatementOfIncomeStatementOfComprehensiveIncomeByFunctionOfExpenseSingleStepOneStatement">
    <Element href="tfrs-npae-cor_2015-01-01.xsd#tfrs-npae_OtherIncomes" serialNote="10" LabelRole="http://www.xbrl.org/2003/role/label" />
  </ExtendedLink>
</SerialNotes>