﻿<?xml version="1.0" encoding="utf-8"?>
<!--  Presentation Linkbase Generated by IRIS iFile Tool  -->
<linkbase xmlns:xsi="http://www.w3.org/2001/XMLSchema-instance" xsi:schemaLocation="http://www.xbrl.org/2003/linkbase http://www.xbrl.org/2003/xbrl-linkbase-2003-12-31.xsd" xmlns="http://www.xbrl.org/2003/linkbase" xmlns:xlink="http://www.w3.org/1999/xlink" xmlns:xbrli="http://www.xbrl.org/2003/instance" xmlns:xbrldt="http://xbrl.org/2005/xbrldt">
  <roleRef roleURI="http://www.cmp.com/cmp-2018-03-09/role/rol-dbd_FilingInformation" xlink:type="simple" xlink:href="cmp_2017-12-31.xsd#rol-dbd_FilingInformation" />
  <roleRef roleURI="http://www.cmp.com/cmp-2018-03-09/role/rol-dbd_StatementOfFinancialPosition" xlink:type="simple" xlink:href="cmp_2017-12-31.xsd#rol-dbd_StatementOfFinancialPosition" />
  <roleRef roleURI="http://www.cmp.com/cmp-2018-03-09/role/rol-dbd_StatementOfIncomeStatementOfComprehensiveIncomeByFunctionOfExpenseSingleStepOneStatement" xlink:type="simple" xlink:href="cmp_2017-12-31.xsd#rol-dbd_StatementOfIncomeStatementOfComprehensiveIncomeByFunctionOfExpenseSingleStepOneStatement" />
  <roleRef roleURI="http://www.cmp.com/cmp-2018-03-09/role/rol-dbd_NotesToFinancialStatement" xlink:type="simple" xlink:href="cmp_2017-12-31.xsd#rol-dbd_NotesToFinancialStatement" />
  <roleRef roleURI="http://www.dbd.go.th/xbrl/taxonomy/2015-01-01/dbd-lab/rol/PresentationLabel" xlink:type="simple" xlink:href="dbd_pre-lab_2015-01-01.xsd#PresentationLabel" />
  <roleRef roleURI="http://www.dbd.go.th/xbrl/taxonomy/2015-01-01/dbd-lab/rol/PresentationTotalLabel" xlink:type="simple" xlink:href="dbd_pre-lab_2015-01-01.xsd#PresentationTotalLabel" />
  <roleRef roleURI="http://www.xbrl.org/2009/role/netLabel" xlink:type="simple" xlink:href="http://www.xbrl.org/lrr/role/net-2009-12-16.xsd#netLabel" />
  <roleRef roleURI="http://www.xbrl.org/2009/role/negatedLabel" xlink:type="simple" xlink:href="http://www.xbrl.org/lrr/role/negated-2009-12-16.xsd#negatedLabel" />
  <roleRef roleURI="http://www.xbrl.org/2009/role/negatedTerseLabel" xlink:type="simple" xlink:href="http://www.xbrl.org/lrr/role/negated-2009-12-16.xsd#negatedTerseLabel" />
  <roleRef roleURI="http://www.xbrl.org/2009/role/negatedTotalLabel" xlink:type="simple" xlink:href="http://www.xbrl.org/lrr/role/negated-2009-12-16.xsd#negatedTotalLabel" />
  <presentationLink xlink:type="extended" xlink:role="http://www.cmp.com/cmp-2018-03-09/role/rol-dbd_FilingInformation">
    <loc xlink:type="locator" xlink:href="elts/elts_dbd/dbd-cor_2015-01-01.xsd#dbd_DetailsOfBusinessesOfReportingEntityAbstract" xlink:label="DetailsOfBusinessesOfReportingEntityAbstract_terseLabel" />
    <loc xlink:type="locator" xlink:href="elts/elts_dbd/dbd-cor_2015-01-01.xsd#dbd_DetailsOfBusinessesOfReportingEntityTable" xlink:label="DetailsOfBusinessesOfReportingEntityTable" />
    <loc xlink:type="locator" xlink:href="elts/elts_dbd/dbd-cor_2015-01-01.xsd#dbd_FilingInformationAbstract" xlink:label="FilingInformationAbstract" />
    <loc xlink:type="locator" xlink:href="elts/elts_dbd/dbd-cor_2015-01-01.xsd#dbd_NameAndOtherIdentificationDetailsOfJuristicPersonAbstract" xlink:label="NameAndOtherIdentificationDetailsOfJuristicPersonAbstract_terseLabel" />
    <loc xlink:type="locator" xlink:href="elts/elts_dbd/dbd-cor_2015-01-01.xsd#dbd_JuristicPersonIdentificationNumber" xlink:label="JuristicPersonIdentificationNumber" />
    <loc xlink:type="locator" xlink:href="elts/elts_dbd/dbd-cor_2015-01-01.xsd#dbd_TypeOfJuristicPerson" xlink:label="TypeOfJuristicPerson" />
    <loc xlink:type="locator" xlink:href="elts/elts_dbd/dbd-cor_2015-01-01.xsd#dbd_NameOfJuristicPerson" xlink:label="NameOfJuristicPerson" />
    <loc xlink:type="locator" xlink:href="elts/elts_dbd/dbd-cor_2015-01-01.xsd#dbd_WhetherFilingFinancialStatementsThroughEFilingSystemForFirstTime" xlink:label="WhetherFilingFinancialStatementsThroughEFilingSystemForFirstTime" />
    <loc xlink:type="locator" xlink:href="elts/elts_dbd/dbd-cor_2015-01-01.xsd#dbd_WhetherFilingFirstFinancialStatementsSinceIncorporationOrFormationOfLegalEntity" xlink:label="WhetherFilingFirstFinancialStatementsSinceIncorporationOrFormationOfLegalEntity" />
    <loc xlink:type="locator" xlink:href="elts/elts_dbd/dbd-cor_2015-01-01.xsd#dbd_AccountingPeriodAbstract" xlink:label="AccountingPeriodAbstract_terseLabel" />
    <loc xlink:type="locator" xlink:href="elts/elts_dbd/dbd-cor_2015-01-01.xsd#dbd_StartDateOfCurrentReportingPeriod" xlink:label="StartDateOfCurrentReportingPeriod" />
    <loc xlink:type="locator" xlink:href="elts/elts_dbd/dbd-cor_2015-01-01.xsd#dbd_EndDateOfCurrentReportingPeriod" xlink:label="EndDateOfCurrentReportingPeriod" />
    <loc xlink:type="locator" xlink:href="elts/elts_dbd/dbd-cor_2015-01-01.xsd#dbd_StartDateOfPreviousReportingPeriod" xlink:label="StartDateOfPreviousReportingPeriod" />
    <loc xlink:type="locator" xlink:href="elts/elts_dbd/dbd-cor_2015-01-01.xsd#dbd_EndDateOfPreviousReportingPeriod" xlink:label="EndDateOfPreviousReportingPeriod" />
    <loc xlink:type="locator" xlink:href="elts/elts_dbd/dbd-cor_2015-01-01.xsd#dbd_TypeOfBusinessSector" xlink:label="TypeOfBusinessSector" />
    <loc xlink:type="locator" xlink:href="elts/elts_dbd/dbd-cor_2015-01-01.xsd#dbd_FinancialReportingStandardAdoptedInPreparationOfFinancialStatements" xlink:label="FinancialReportingStandardAdoptedInPreparationOfFinancialStatements" />
    <loc xlink:type="locator" xlink:href="elts/elts_dbd/dbd-cor_2015-01-01.xsd#dbd_TemplateOfFinancialStatements" xlink:label="TemplateOfFinancialStatements" />
    <loc xlink:type="locator" xlink:href="elts/elts_dbd/dbd-cor_2015-01-01.xsd#dbd_NatureOfFinancialStatements" xlink:label="NatureOfFinancialStatements" />
    <loc xlink:type="locator" xlink:href="elts/elts_dbd/dbd-cor_2015-01-01.xsd#dbd_WhetherThereAreRestatementOrReclassificationToComparativeAmounts" xlink:label="WhetherThereAreRestatementOrReclassificationToComparativeAmounts_terseLabel" />
    <loc xlink:type="locator" xlink:href="elts/elts_dbd/dbd-cor_2015-01-01.xsd#dbd_WhetherRestatedReclassifiedOpeningBalancesForPreviousFinancialReportingPeriodAreToBePresentedInStatementOfFinancialPosition" xlink:label="WhetherRestatedReclassifiedOpeningBalancesForPreviousFinancialReportingPeriodAreToBePresentedInStatementOfFinancialPosition_terseLabel" />
    <loc xlink:type="locator" xlink:href="elts/elts_dbd/dbd-cor_2015-01-01.xsd#dbd_AuditStatusOfFinancialStatements" xlink:label="AuditStatusOfFinancialStatements" />
    <loc xlink:type="locator" xlink:href="elts/elts_dbd/dbd-cor_2015-01-01.xsd#dbd_DateOfAuditorReport" xlink:label="DateOfAuditorReport" />
    <loc xlink:type="locator" xlink:href="elts/elts_dbd/dbd-cor_2015-01-01.xsd#dbd_AuditorsReportAbstract" xlink:label="AuditorsReportAbstract_terseLabel" />
    <loc xlink:type="locator" xlink:href="elts/elts_dbd/dbd-cor_2015-01-01.xsd#dbd_AuditorsOpinion" xlink:label="AuditorsOpinion" />
    <loc xlink:type="locator" xlink:href="elts/elts_dbd/dbd-cor_2015-01-01.xsd#dbd_EmphasisOfMatterParagraph" xlink:label="EmphasisOfMatterParagraph" />
    <loc xlink:type="locator" xlink:href="elts/elts_dbd/dbd-cor_2015-01-01.xsd#dbd_DescriptionOfPresentationCurrency" xlink:label="DescriptionOfPresentationCurrency" />
    <loc xlink:type="locator" xlink:href="elts/elts_dbd/dbd-cor_2015-01-01.xsd#dbd_LevelOfRoundingOffUsedInFinancialStatements" xlink:label="LevelOfRoundingOffUsedInFinancialStatements" />
    <loc xlink:type="locator" xlink:href="elts/elts_dbd/dbd-cor_2015-01-01.xsd#dbd_ContactInformationOfJuristicPersonAbstract" xlink:label="ContactInformationOfJuristicPersonAbstract_terseLabel" />
    <loc xlink:type="locator" xlink:href="elts/elts_dbd/dbd-cor_2015-01-01.xsd#dbd_AddressOfJuristicPerson" xlink:label="AddressOfJuristicPerson" />
    <loc xlink:type="locator" xlink:href="elts/elts_dbd/dbd-cor_2015-01-01.xsd#dbd_ElectronicMailAddressOfJuristicPerson" xlink:label="ElectronicMailAddressOfJuristicPerson_terseLabel" />
    <loc xlink:type="locator" xlink:href="elts/elts_dbd/dbd-cor_2015-01-01.xsd#dbd_TelephoneNumberOfJuristicPerson" xlink:label="TelephoneNumberOfJuristicPerson" />
    <loc xlink:type="locator" xlink:href="elts/elts_dbd/dbd-cor_2015-01-01.xsd#dbd_FacsimileNumberOfJuristicPerson" xlink:label="FacsimileNumberOfJuristicPerson" />
    <loc xlink:type="locator" xlink:href="elts/elts_dbd/dbd-cor_2015-01-01.xsd#dbd_DetailsOfBookkeeperAbstract" xlink:label="DetailsOfBookkeeperAbstract_terseLabel" />
    <loc xlink:type="locator" xlink:href="elts/elts_dbd/dbd-cor_2015-01-01.xsd#dbd_NameOfBookkeeper" xlink:label="NameOfBookkeeper" />
    <loc xlink:type="locator" xlink:href="elts/elts_dbd/dbd-cor_2015-01-01.xsd#dbd_BookkeepersRegistrationNumber" xlink:label="BookkeepersRegistrationNumber" />
    <loc xlink:type="locator" xlink:href="elts/elts_dbd/dbd-cor_2015-01-01.xsd#dbd_BookkeepersElectronicMailAddress" xlink:label="BookkeepersElectronicMailAddress" />
    <loc xlink:type="locator" xlink:href="elts/elts_dbd/dbd-cor_2015-01-01.xsd#dbd_BookkeepersTelephoneNumber" xlink:label="BookkeepersTelephoneNumber" />
    <loc xlink:type="locator" xlink:href="elts/elts_dbd/dbd-cor_2015-01-01.xsd#dbd_DetailsOfAuditorAbstract" xlink:label="DetailsOfAuditorAbstract_terseLabel" />
    <loc xlink:type="locator" xlink:href="elts/elts_dbd/dbd-cor_2015-01-01.xsd#dbd_NameOfAuditor" xlink:label="NameOfAuditor" />
    <loc xlink:type="locator" xlink:href="elts/elts_dbd/dbd-cor_2015-01-01.xsd#dbd_CertifiedPublicAccountantThailandRegistrationNumber" xlink:label="CertifiedPublicAccountantThailandRegistrationNumber" />
    <loc xlink:type="locator" xlink:href="elts/elts_dbd/dbd-cor_2015-01-01.xsd#dbd_AuditorsElectronicMailAddress" xlink:label="AuditorsElectronicMailAddress" />
    <loc xlink:type="locator" xlink:href="elts/elts_dbd/dbd-cor_2015-01-01.xsd#dbd_AuditorsTelephoneNumber" xlink:label="AuditorsTelephoneNumber" />
    <loc xlink:type="locator" xlink:href="elts/elts_dbd/dbd-cor_2015-01-01.xsd#dbd_BusinessInformationLineItems" xlink:label="BusinessInformationLineItems_terseLabel" />
    <loc xlink:type="locator" xlink:href="elts/elts_dbd/dbd-cor_2015-01-01.xsd#dbd_DescriptionOfProductOrService" xlink:label="DescriptionOfProductOrService" />
    <loc xlink:type="locator" xlink:href="elts/elts_dbd/dbd-cor_2015-01-01.xsd#dbd_PercentageOfRevenueToTotalRevenue" xlink:label="PercentageOfRevenueToTotalRevenue" />
    <loc xlink:type="locator" xlink:href="elts/elts_dbd/dbd-cor_2015-01-01.xsd#dbd_BusinessCode" xlink:label="BusinessCode" />
    <loc xlink:type="locator" xlink:href="elts/elts_dbd/dbd-cor_2015-01-01.xsd#dbd_TypesOfBusinessIDAxis" xlink:label="TypesOfBusinessIDAxis" />
    <loc xlink:type="locator" xlink:href="elts/elts_dbd/dbd-cor_2015-01-01.xsd#dbd_TypeOfBusinessMember" xlink:label="TypeOfBusinessMember" />
    <loc xlink:type="locator" xlink:href="elts/elts_dbd/dbd-cor_2015-01-01.xsd#dbd_BusinessType1Member" xlink:label="BusinessType1Member" />
    <loc xlink:type="locator" xlink:href="elts/elts_dbd/dbd-cor_2015-01-01.xsd#dbd_BusinessType2Member" xlink:label="BusinessType2Member" />
    <loc xlink:type="locator" xlink:href="elts/elts_dbd/dbd-cor_2015-01-01.xsd#dbd_NameOfAuthorizedPersonsCertifyingSubmissionFormAndFinancialStatementsAbstract" xlink:label="NameOfAuthorizedPersonsCertifyingSubmissionFormAndFinancialStatementsAbstract_terseLabel" />
    <loc xlink:type="locator" xlink:href="elts/elts_dbd/dbd-cor_2015-01-01.xsd#dbd_NameOfFirstAuthorizedPersonCertifyingFinancialStatements" xlink:label="NameOfFirstAuthorizedPersonCertifyingFinancialStatements" />
    <loc xlink:type="locator" xlink:href="elts/elts_dbd/dbd-cor_2015-01-01.xsd#dbd_NameOfSecondAuthorizedPersonCertifyingFinancialStatements" xlink:label="NameOfSecondAuthorizedPersonCertifyingFinancialStatements" />
    <loc xlink:type="locator" xlink:href="elts/elts_dbd/dbd-cor_2015-01-01.xsd#dbd_NameOfThirdAuthorizedPersonCertifyingFinancialStatements" xlink:label="NameOfThirdAuthorizedPersonCertifyingFinancialStatements" />
    <loc xlink:type="locator" xlink:href="elts/elts_dbd/dbd-cor_2015-01-01.xsd#dbd_NameOfFourthAuthorizedPersonCertifyingFinancialStatements" xlink:label="NameOfFourthAuthorizedPersonCertifyingFinancialStatements" />
    <loc xlink:type="locator" xlink:href="elts/elts_dbd/dbd-cor_2015-01-01.xsd#dbd_NameOfFifthAuthorizedPersonCertifyingFinancialStatements" xlink:label="NameOfFifthAuthorizedPersonCertifyingFinancialStatements" />
    <presentationArc xlink:type="arc" xlink:arcrole="http://www.xbrl.org/2003/arcrole/parent-child" xlink:from="DetailsOfBusinessesOfReportingEntityAbstract_terseLabel" xlink:to="DetailsOfBusinessesOfReportingEntityTable" use="optional" order="1" />
    <presentationArc xlink:type="arc" xlink:arcrole="http://www.xbrl.org/2003/arcrole/parent-child" xlink:from="FilingInformationAbstract" xlink:to="NameAndOtherIdentificationDetailsOfJuristicPersonAbstract_terseLabel" use="optional" order="2" preferredLabel="http://www.xbrl.org/2003/role/terseLabel" />
    <presentationArc xlink:type="arc" xlink:arcrole="http://www.xbrl.org/2003/arcrole/parent-child" xlink:from="NameAndOtherIdentificationDetailsOfJuristicPersonAbstract_terseLabel" xlink:to="JuristicPersonIdentificationNumber" use="optional" order="1" />
    <presentationArc xlink:type="arc" xlink:arcrole="http://www.xbrl.org/2003/arcrole/parent-child" xlink:from="NameAndOtherIdentificationDetailsOfJuristicPersonAbstract_terseLabel" xlink:to="TypeOfJuristicPerson" use="optional" order="2" />
    <presentationArc xlink:type="arc" xlink:arcrole="http://www.xbrl.org/2003/arcrole/parent-child" xlink:from="NameAndOtherIdentificationDetailsOfJuristicPersonAbstract_terseLabel" xlink:to="NameOfJuristicPerson" use="optional" order="3" />
    <presentationArc xlink:type="arc" xlink:arcrole="http://www.xbrl.org/2003/arcrole/parent-child" xlink:from="FilingInformationAbstract" xlink:to="WhetherFilingFinancialStatementsThroughEFilingSystemForFirstTime" use="optional" order="3" />
    <presentationArc xlink:type="arc" xlink:arcrole="http://www.xbrl.org/2003/arcrole/parent-child" xlink:from="FilingInformationAbstract" xlink:to="WhetherFilingFirstFinancialStatementsSinceIncorporationOrFormationOfLegalEntity" use="optional" order="4" />
    <presentationArc xlink:type="arc" xlink:arcrole="http://www.xbrl.org/2003/arcrole/parent-child" xlink:from="FilingInformationAbstract" xlink:to="AccountingPeriodAbstract_terseLabel" use="optional" order="5" preferredLabel="http://www.xbrl.org/2003/role/terseLabel" />
    <presentationArc xlink:type="arc" xlink:arcrole="http://www.xbrl.org/2003/arcrole/parent-child" xlink:from="AccountingPeriodAbstract_terseLabel" xlink:to="StartDateOfCurrentReportingPeriod" use="optional" order="1" />
    <presentationArc xlink:type="arc" xlink:arcrole="http://www.xbrl.org/2003/arcrole/parent-child" xlink:from="AccountingPeriodAbstract_terseLabel" xlink:to="EndDateOfCurrentReportingPeriod" use="optional" order="2" />
    <presentationArc xlink:type="arc" xlink:arcrole="http://www.xbrl.org/2003/arcrole/parent-child" xlink:from="AccountingPeriodAbstract_terseLabel" xlink:to="StartDateOfPreviousReportingPeriod" use="optional" order="3" />
    <presentationArc xlink:type="arc" xlink:arcrole="http://www.xbrl.org/2003/arcrole/parent-child" xlink:from="AccountingPeriodAbstract_terseLabel" xlink:to="EndDateOfPreviousReportingPeriod" use="optional" order="4" />
    <presentationArc xlink:type="arc" xlink:arcrole="http://www.xbrl.org/2003/arcrole/parent-child" xlink:from="FilingInformationAbstract" xlink:to="TypeOfBusinessSector" use="optional" order="6" />
    <presentationArc xlink:type="arc" xlink:arcrole="http://www.xbrl.org/2003/arcrole/parent-child" xlink:from="FilingInformationAbstract" xlink:to="FinancialReportingStandardAdoptedInPreparationOfFinancialStatements" use="optional" order="7" />
    <presentationArc xlink:type="arc" xlink:arcrole="http://www.xbrl.org/2003/arcrole/parent-child" xlink:from="FilingInformationAbstract" xlink:to="TemplateOfFinancialStatements" use="optional" order="8" />
    <presentationArc xlink:type="arc" xlink:arcrole="http://www.xbrl.org/2003/arcrole/parent-child" xlink:from="FilingInformationAbstract" xlink:to="NatureOfFinancialStatements" use="optional" order="9" />
    <presentationArc xlink:type="arc" xlink:arcrole="http://www.xbrl.org/2003/arcrole/parent-child" xlink:from="FilingInformationAbstract" xlink:to="WhetherThereAreRestatementOrReclassificationToComparativeAmounts_terseLabel" use="optional" order="10" preferredLabel="http://www.xbrl.org/2003/role/terseLabel" />
    <presentationArc xlink:type="arc" xlink:arcrole="http://www.xbrl.org/2003/arcrole/parent-child" xlink:from="FilingInformationAbstract" xlink:to="WhetherRestatedReclassifiedOpeningBalancesForPreviousFinancialReportingPeriodAreToBePresentedInStatementOfFinancialPosition_terseLabel" use="optional" order="11" preferredLabel="http://www.xbrl.org/2003/role/terseLabel" />
    <presentationArc xlink:type="arc" xlink:arcrole="http://www.xbrl.org/2003/arcrole/parent-child" xlink:from="FilingInformationAbstract" xlink:to="AuditStatusOfFinancialStatements" use="optional" order="12" />
    <presentationArc xlink:type="arc" xlink:arcrole="http://www.xbrl.org/2003/arcrole/parent-child" xlink:from="FilingInformationAbstract" xlink:to="DateOfAuditorReport" use="optional" order="13" />
    <presentationArc xlink:type="arc" xlink:arcrole="http://www.xbrl.org/2003/arcrole/parent-child" xlink:from="FilingInformationAbstract" xlink:to="AuditorsReportAbstract_terseLabel" use="optional" order="14" preferredLabel="http://www.xbrl.org/2003/role/terseLabel" />
    <presentationArc xlink:type="arc" xlink:arcrole="http://www.xbrl.org/2003/arcrole/parent-child" xlink:from="AuditorsReportAbstract_terseLabel" xlink:to="AuditorsOpinion" use="optional" order="1" />
    <presentationArc xlink:type="arc" xlink:arcrole="http://www.xbrl.org/2003/arcrole/parent-child" xlink:from="AuditorsReportAbstract_terseLabel" xlink:to="EmphasisOfMatterParagraph" use="optional" order="2" />
    <presentationArc xlink:type="arc" xlink:arcrole="http://www.xbrl.org/2003/arcrole/parent-child" xlink:from="FilingInformationAbstract" xlink:to="DescriptionOfPresentationCurrency" use="optional" order="15" />
    <presentationArc xlink:type="arc" xlink:arcrole="http://www.xbrl.org/2003/arcrole/parent-child" xlink:from="FilingInformationAbstract" xlink:to="LevelOfRoundingOffUsedInFinancialStatements" use="optional" order="16" />
    <presentationArc xlink:type="arc" xlink:arcrole="http://www.xbrl.org/2003/arcrole/parent-child" xlink:from="FilingInformationAbstract" xlink:to="ContactInformationOfJuristicPersonAbstract_terseLabel" use="optional" order="17" preferredLabel="http://www.xbrl.org/2003/role/terseLabel" />
    <presentationArc xlink:type="arc" xlink:arcrole="http://www.xbrl.org/2003/arcrole/parent-child" xlink:from="ContactInformationOfJuristicPersonAbstract_terseLabel" xlink:to="AddressOfJuristicPerson" use="optional" order="1" />
    <presentationArc xlink:type="arc" xlink:arcrole="http://www.xbrl.org/2003/arcrole/parent-child" xlink:from="ContactInformationOfJuristicPersonAbstract_terseLabel" xlink:to="ElectronicMailAddressOfJuristicPerson_terseLabel" use="optional" order="2" preferredLabel="http://www.xbrl.org/2003/role/terseLabel" />
    <presentationArc xlink:type="arc" xlink:arcrole="http://www.xbrl.org/2003/arcrole/parent-child" xlink:from="ContactInformationOfJuristicPersonAbstract_terseLabel" xlink:to="TelephoneNumberOfJuristicPerson" use="optional" order="3" />
    <presentationArc xlink:type="arc" xlink:arcrole="http://www.xbrl.org/2003/arcrole/parent-child" xlink:from="ContactInformationOfJuristicPersonAbstract_terseLabel" xlink:to="FacsimileNumberOfJuristicPerson" use="optional" order="4" />
    <presentationArc xlink:type="arc" xlink:arcrole="http://www.xbrl.org/2003/arcrole/parent-child" xlink:from="FilingInformationAbstract" xlink:to="DetailsOfBookkeeperAbstract_terseLabel" use="optional" order="18" preferredLabel="http://www.xbrl.org/2003/role/terseLabel" />
    <presentationArc xlink:type="arc" xlink:arcrole="http://www.xbrl.org/2003/arcrole/parent-child" xlink:from="DetailsOfBookkeeperAbstract_terseLabel" xlink:to="NameOfBookkeeper" use="optional" order="1" />
    <presentationArc xlink:type="arc" xlink:arcrole="http://www.xbrl.org/2003/arcrole/parent-child" xlink:from="DetailsOfBookkeeperAbstract_terseLabel" xlink:to="BookkeepersRegistrationNumber" use="optional" order="2" />
    <presentationArc xlink:type="arc" xlink:arcrole="http://www.xbrl.org/2003/arcrole/parent-child" xlink:from="DetailsOfBookkeeperAbstract_terseLabel" xlink:to="BookkeepersElectronicMailAddress" use="optional" order="3" />
    <presentationArc xlink:type="arc" xlink:arcrole="http://www.xbrl.org/2003/arcrole/parent-child" xlink:from="DetailsOfBookkeeperAbstract_terseLabel" xlink:to="BookkeepersTelephoneNumber" use="optional" order="4" />
    <presentationArc xlink:type="arc" xlink:arcrole="http://www.xbrl.org/2003/arcrole/parent-child" xlink:from="FilingInformationAbstract" xlink:to="DetailsOfAuditorAbstract_terseLabel" use="optional" order="19" preferredLabel="http://www.xbrl.org/2003/role/terseLabel" />
    <presentationArc xlink:type="arc" xlink:arcrole="http://www.xbrl.org/2003/arcrole/parent-child" xlink:from="DetailsOfAuditorAbstract_terseLabel" xlink:to="NameOfAuditor" use="optional" order="1" />
    <presentationArc xlink:type="arc" xlink:arcrole="http://www.xbrl.org/2003/arcrole/parent-child" xlink:from="DetailsOfAuditorAbstract_terseLabel" xlink:to="CertifiedPublicAccountantThailandRegistrationNumber" use="optional" order="2" />
    <presentationArc xlink:type="arc" xlink:arcrole="http://www.xbrl.org/2003/arcrole/parent-child" xlink:from="DetailsOfAuditorAbstract_terseLabel" xlink:to="AuditorsElectronicMailAddress" use="optional" order="3" />
    <presentationArc xlink:type="arc" xlink:arcrole="http://www.xbrl.org/2003/arcrole/parent-child" xlink:from="DetailsOfAuditorAbstract_terseLabel" xlink:to="AuditorsTelephoneNumber" use="optional" order="4" />
    <presentationArc xlink:type="arc" xlink:arcrole="http://www.xbrl.org/2003/arcrole/parent-child" xlink:from="FilingInformationAbstract" xlink:to="DetailsOfBusinessesOfReportingEntityAbstract_terseLabel" use="optional" order="20" preferredLabel="http://www.xbrl.org/2003/role/terseLabel" />
    <presentationArc xlink:type="arc" xlink:arcrole="http://www.xbrl.org/2003/arcrole/parent-child" xlink:from="DetailsOfBusinessesOfReportingEntityAbstract_terseLabel" xlink:to="BusinessInformationLineItems_terseLabel" use="optional" order="2" preferredLabel="http://www.xbrl.org/2003/role/terseLabel" />
    <presentationArc xlink:type="arc" xlink:arcrole="http://www.xbrl.org/2003/arcrole/parent-child" xlink:from="BusinessInformationLineItems_terseLabel" xlink:to="DescriptionOfProductOrService" use="optional" order="2" />
    <presentationArc xlink:type="arc" xlink:arcrole="http://www.xbrl.org/2003/arcrole/parent-child" xlink:from="BusinessInformationLineItems_terseLabel" xlink:to="PercentageOfRevenueToTotalRevenue" use="optional" order="3" />
    <presentationArc xlink:type="arc" xlink:arcrole="http://www.xbrl.org/2003/arcrole/parent-child" xlink:from="BusinessInformationLineItems_terseLabel" xlink:to="BusinessCode" use="optional" order="4" />
    <presentationArc xlink:type="arc" xlink:arcrole="http://www.xbrl.org/2003/arcrole/parent-child" xlink:from="DetailsOfBusinessesOfReportingEntityTable" xlink:to="TypesOfBusinessIDAxis" use="optional" order="1" />
    <presentationArc xlink:type="arc" xlink:arcrole="http://www.xbrl.org/2003/arcrole/parent-child" xlink:from="TypesOfBusinessIDAxis" xlink:to="TypeOfBusinessMember" use="optional" order="1" preferredLabel="http://www.xbrl.org/2003/role/terseLabel" />
    <presentationArc xlink:type="arc" xlink:arcrole="http://www.xbrl.org/2003/arcrole/parent-child" xlink:from="TypeOfBusinessMember" xlink:to="BusinessType1Member" use="optional" order="1" preferredLabel="http://www.xbrl.org/2003/role/terseLabel" />
    <presentationArc xlink:type="arc" xlink:arcrole="http://www.xbrl.org/2003/arcrole/parent-child" xlink:from="TypeOfBusinessMember" xlink:to="BusinessType2Member" use="optional" order="2" preferredLabel="http://www.xbrl.org/2003/role/terseLabel" />
    <presentationArc xlink:type="arc" xlink:arcrole="http://www.xbrl.org/2003/arcrole/parent-child" xlink:from="FilingInformationAbstract" xlink:to="NameOfAuthorizedPersonsCertifyingSubmissionFormAndFinancialStatementsAbstract_terseLabel" use="optional" order="21" preferredLabel="http://www.xbrl.org/2003/role/terseLabel" />
    <presentationArc xlink:type="arc" xlink:arcrole="http://www.xbrl.org/2003/arcrole/parent-child" xlink:from="NameOfAuthorizedPersonsCertifyingSubmissionFormAndFinancialStatementsAbstract_terseLabel" xlink:to="NameOfFirstAuthorizedPersonCertifyingFinancialStatements" use="optional" order="1" />
    <presentationArc xlink:type="arc" xlink:arcrole="http://www.xbrl.org/2003/arcrole/parent-child" xlink:from="NameOfAuthorizedPersonsCertifyingSubmissionFormAndFinancialStatementsAbstract_terseLabel" xlink:to="NameOfSecondAuthorizedPersonCertifyingFinancialStatements" use="optional" order="2" />
    <presentationArc xlink:type="arc" xlink:arcrole="http://www.xbrl.org/2003/arcrole/parent-child" xlink:from="NameOfAuthorizedPersonsCertifyingSubmissionFormAndFinancialStatementsAbstract_terseLabel" xlink:to="NameOfThirdAuthorizedPersonCertifyingFinancialStatements" use="optional" order="3" />
    <presentationArc xlink:type="arc" xlink:arcrole="http://www.xbrl.org/2003/arcrole/parent-child" xlink:from="NameOfAuthorizedPersonsCertifyingSubmissionFormAndFinancialStatementsAbstract_terseLabel" xlink:to="NameOfFourthAuthorizedPersonCertifyingFinancialStatements" use="optional" order="4" />
    <presentationArc xlink:type="arc" xlink:arcrole="http://www.xbrl.org/2003/arcrole/parent-child" xlink:from="NameOfAuthorizedPersonsCertifyingSubmissionFormAndFinancialStatementsAbstract_terseLabel" xlink:to="NameOfFifthAuthorizedPersonCertifyingFinancialStatements" use="optional" order="5" />
  </presentationLink>
  <presentationLink xlink:type="extended" xlink:role="http://www.cmp.com/cmp-2018-03-09/role/rol-dbd_StatementOfFinancialPosition">
    <loc xlink:type="locator" xlink:href="elts/elts_tfrs/tfrs-npae/tfrs-npae-cor_2015-01-01.xsd#tfrs-npae_StatementOfFinancialPositionAbstract" xlink:label="StatementOfFinancialPositionAbstract" />
    <loc xlink:type="locator" xlink:href="elts/elts_tfrs/tfrs-npae/tfrs-npae-cor_2015-01-01.xsd#tfrs-npae_StatementOfFinancialPositionLineItems" xlink:label="StatementOfFinancialPositionLineItems_terseLabel" />
    <loc xlink:type="locator" xlink:href="elts/elts_tfrs/tfrs-npae/tfrs-npae-cor_2015-01-01.xsd#tfrs-npae_AssetsAbstract" xlink:label="AssetsAbstract_terseLabel" />
    <loc xlink:type="locator" xlink:href="elts/elts_tfrs/tfrs-npae/tfrs-npae-cor_2015-01-01.xsd#tfrs-npae_CurrentAssetsAbstract" xlink:label="CurrentAssetsAbstract_terseLabel" />
    <loc xlink:type="locator" xlink:href="elts/elts_tfrs/tfrs-npae/tfrs-npae-cor_2015-01-01.xsd#tfrs-npae_CashAndCashEquivalents" xlink:label="CashAndCashEquivalents" />
    <loc xlink:type="locator" xlink:href="elts/elts_tfrs/tfrs-npae/tfrs-npae-cor_2015-01-01.xsd#tfrs-npae_CurrentInvestments" xlink:label="CurrentInvestments_PresentationLabel" />
    <loc xlink:type="locator" xlink:href="elts/elts_tfrs/tfrs-npae/tfrs-npae-cor_2015-01-01.xsd#tfrs-npae_TradeAndOtherReceivables" xlink:label="TradeAndOtherReceivables" />
    <loc xlink:type="locator" xlink:href="elts/elts_tfrs/tfrs-npae/tfrs-npae-cor_2015-01-01.xsd#tfrs-npae_CurrentLoansAndAdvances" xlink:label="CurrentLoansAndAdvances_PresentationLabel" />
    <loc xlink:type="locator" xlink:href="elts/elts_tfrs/tfrs-npae/tfrs-npae-cor_2015-01-01.xsd#tfrs-npae_Inventories" xlink:label="Inventories" />
    <loc xlink:type="locator" xlink:href="elts/elts_tfrs/tfrs-npae/tfrs-npae-cor_2015-01-01.xsd#tfrs-npae_OtherCurrentAssets" xlink:label="OtherCurrentAssets" />
    <loc xlink:type="locator" xlink:href="elts/elts_tfrs/tfrs-npae/tfrs-npae-cor_2015-01-01.xsd#tfrs-npae_CurrentAssets" xlink:label="CurrentAssets_totalLabel" />
    <loc xlink:type="locator" xlink:href="elts/elts_tfrs/tfrs-npae/tfrs-npae-cor_2015-01-01.xsd#tfrs-npae_NonCurrentAssetsAbstract" xlink:label="NonCurrentAssetsAbstract_terseLabel" />
    <loc xlink:type="locator" xlink:href="elts/elts_tfrs/tfrs-npae/tfrs-npae-cor_2015-01-01.xsd#tfrs-npae_InvestmentsHeldAsAvailableForSale" xlink:label="InvestmentsHeldAsAvailableForSale_terseLabel" />
    <loc xlink:type="locator" xlink:href="elts/elts_tfrs/tfrs-npae/tfrs-npae-cor_2015-01-01.xsd#tfrs-npae_InvestmentsInAssociates" xlink:label="InvestmentsInAssociates" />
    <loc xlink:type="locator" xlink:href="elts/elts_tfrs/tfrs-npae/tfrs-npae-cor_2015-01-01.xsd#tfrs-npae_InvestmentsInSubsidiaries" xlink:label="InvestmentsInSubsidiaries" />
    <loc xlink:type="locator" xlink:href="elts/elts_tfrs/tfrs-npae/tfrs-npae-cor_2015-01-01.xsd#tfrs-npae_InvestmentsInJointVentures" xlink:label="InvestmentsInJointVentures" />
    <loc xlink:type="locator" xlink:href="elts/elts_tfrs/tfrs-npae/tfrs-npae-cor_2015-01-01.xsd#tfrs-npae_OtherNonCurrentInvestments" xlink:label="OtherNonCurrentInvestments_PresentationLabel" />
    <loc xlink:type="locator" xlink:href="elts/elts_tfrs/tfrs-npae/tfrs-npae-cor_2015-01-01.xsd#tfrs-npae_NonCurrentLoansAndAdvances" xlink:label="NonCurrentLoansAndAdvances_PresentationLabel" />
    <loc xlink:type="locator" xlink:href="elts/elts_tfrs/tfrs-npae/tfrs-npae-cor_2015-01-01.xsd#tfrs-npae_InvestmentProperty" xlink:label="InvestmentProperty" />
    <loc xlink:type="locator" xlink:href="elts/elts_tfrs/tfrs-npae/tfrs-npae-cor_2015-01-01.xsd#tfrs-npae_NonCurrentAssetsClassifiedAsHeldForSale" xlink:label="NonCurrentAssetsClassifiedAsHeldForSale" />
    <loc xlink:type="locator" xlink:href="elts/elts_tfrs/tfrs-npae/tfrs-npae-cor_2015-01-01.xsd#tfrs-npae_PropertyPlantAndEquipment" xlink:label="PropertyPlantAndEquipment" />
    <loc xlink:type="locator" xlink:href="elts/elts_tfrs/tfrs-npae/tfrs-npae-cor_2015-01-01.xsd#tfrs-npae_IntangibleAssets" xlink:label="IntangibleAssets" />
    <loc xlink:type="locator" xlink:href="elts/elts_tfrs/tfrs-npae/tfrs-npae-cor_2015-01-01.xsd#tfrs-npae_OtherNonCurrentAssets" xlink:label="OtherNonCurrentAssets" />
    <loc xlink:type="locator" xlink:href="elts/elts_tfrs/tfrs-npae/tfrs-npae-cor_2015-01-01.xsd#tfrs-npae_NonCurrentAssets" xlink:label="NonCurrentAssets_totalLabel" />
    <loc xlink:type="locator" xlink:href="elts/elts_tfrs/tfrs-npae/tfrs-npae-cor_2015-01-01.xsd#tfrs-npae_Assets" xlink:label="Assets_totalLabel" />
    <loc xlink:type="locator" xlink:href="elts/elts_tfrs/tfrs-npae/tfrs-npae-cor_2015-01-01.xsd#tfrs-npae_LiabilitiesAndEquityAbstract" xlink:label="LiabilitiesAndEquityAbstract_PresentationLabel" />
    <loc xlink:type="locator" xlink:href="elts/elts_tfrs/tfrs-npae/tfrs-npae-cor_2015-01-01.xsd#tfrs-npae_CurrentLiabilitiesAbstract" xlink:label="CurrentLiabilitiesAbstract_terseLabel" />
    <loc xlink:type="locator" xlink:href="elts/elts_tfrs/tfrs-npae/tfrs-npae-cor_2015-01-01.xsd#tfrs-npae_BankOverdraftsAndShortTermBorrowingFromFinancialInstitutions" xlink:label="BankOverdraftsAndShortTermBorrowingFromFinancialInstitutions" />
    <loc xlink:type="locator" xlink:href="elts/elts_tfrs/tfrs-npae/tfrs-npae-cor_2015-01-01.xsd#tfrs-npae_TradeAndOtherPayables" xlink:label="TradeAndOtherPayables" />
    <loc xlink:type="locator" xlink:href="elts/elts_tfrs/tfrs-npae/tfrs-npae-cor_2015-01-01.xsd#tfrs-npae_CurrentPortionOfLongTermLiabilities" xlink:label="CurrentPortionOfLongTermLiabilities" />
    <loc xlink:type="locator" xlink:href="elts/elts_tfrs/tfrs-npae/tfrs-npae-cor_2015-01-01.xsd#tfrs-npae_ShortTermBorrowings" xlink:label="ShortTermBorrowings" />
    <loc xlink:type="locator" xlink:href="elts/elts_tfrs/tfrs-npae/tfrs-npae-cor_2015-01-01.xsd#tfrs-npae_CurrentIncomeTaxPayable" xlink:label="CurrentIncomeTaxPayable" />
    <loc xlink:type="locator" xlink:href="elts/elts_tfrs/tfrs-npae/tfrs-npae-cor_2015-01-01.xsd#tfrs-npae_ShortTermProvisions" xlink:label="ShortTermProvisions" />
    <loc xlink:type="locator" xlink:href="elts/elts_tfrs/tfrs-npae/tfrs-npae-cor_2015-01-01.xsd#tfrs-npae_OtherCurrentLiabilities" xlink:label="OtherCurrentLiabilities" />
    <loc xlink:type="locator" xlink:href="elts/elts_tfrs/tfrs-npae/tfrs-npae-cor_2015-01-01.xsd#tfrs-npae_CurrentLiabilities" xlink:label="CurrentLiabilities_totalLabel" />
    <loc xlink:type="locator" xlink:href="elts/elts_tfrs/tfrs-npae/tfrs-npae-cor_2015-01-01.xsd#tfrs-npae_NonCurrentLiabilitiesAbstract" xlink:label="NonCurrentLiabilitiesAbstract_terseLabel" />
    <loc xlink:type="locator" xlink:href="elts/elts_tfrs/tfrs-npae/tfrs-npae-cor_2015-01-01.xsd#tfrs-npae_LongTermBorrowings" xlink:label="LongTermBorrowings" />
    <loc xlink:type="locator" xlink:href="elts/elts_tfrs/tfrs-npae/tfrs-npae-cor_2015-01-01.xsd#tfrs-npae_EmployeeBenefitObligation" xlink:label="EmployeeBenefitObligation_PresentationLabel" />
    <loc xlink:type="locator" xlink:href="elts/elts_tfrs/tfrs-npae/tfrs-npae-cor_2015-01-01.xsd#tfrs-npae_LongTermProvisions" xlink:label="LongTermProvisions" />
    <loc xlink:type="locator" xlink:href="elts/elts_tfrs/tfrs-npae/tfrs-npae-cor_2015-01-01.xsd#tfrs-npae_OtherNonCurrentLiabilities" xlink:label="OtherNonCurrentLiabilities" />
    <loc xlink:type="locator" xlink:href="elts/elts_tfrs/tfrs-npae/tfrs-npae-cor_2015-01-01.xsd#tfrs-npae_NonCurrentLiabilities" xlink:label="NonCurrentLiabilities_totalLabel" />
    <loc xlink:type="locator" xlink:href="elts/elts_tfrs/tfrs-npae/tfrs-npae-cor_2015-01-01.xsd#tfrs-npae_Liabilities" xlink:label="Liabilities_totalLabel" />
    <loc xlink:type="locator" xlink:href="elts/elts_tfrs/tfrs-npae/tfrs-npae-cor_2015-01-01.xsd#tfrs-npae_EquityAbstract" xlink:label="EquityAbstract_PresentationLabel" />
    <loc xlink:type="locator" xlink:href="elts/elts_tfrs/tfrs-npae/tfrs-npae-cor_2015-01-01.xsd#tfrs-npae_PartnersCapital" xlink:label="PartnersCapital" />
    <loc xlink:type="locator" xlink:href="elts/elts_tfrs/tfrs-npae/tfrs-npae-cor_2015-01-01.xsd#tfrs-npae_UnappropriatedRetainedEarnings" xlink:label="UnappropriatedRetainedEarnings_PresentationLabel" />
    <loc xlink:type="locator" xlink:href="elts/elts_tfrs/tfrs-npae/tfrs-npae-cor_2015-01-01.xsd#tfrs-npae_OtherComponentsOfEquity" xlink:label="OtherComponentsOfEquity_PresentationLabel" />
    <loc xlink:type="locator" xlink:href="elts/elts_tfrs/tfrs-npae/tfrs-npae-cor_2015-01-01.xsd#tfrs-npae_Equity" xlink:label="Equity_PresentationTotalLabel" />
    <loc xlink:type="locator" xlink:href="elts/elts_tfrs/tfrs-npae/tfrs-npae-cor_2015-01-01.xsd#tfrs-npae_LiabilitiesAndEquity" xlink:label="LiabilitiesAndEquity_PresentationTotalLabel" />
    <presentationArc xlink:type="arc" xlink:arcrole="http://www.xbrl.org/2003/arcrole/parent-child" xlink:from="StatementOfFinancialPositionAbstract" xlink:to="StatementOfFinancialPositionLineItems_terseLabel" use="optional" order="1" preferredLabel="http://www.xbrl.org/2003/role/terseLabel" />
    <presentationArc xlink:type="arc" xlink:arcrole="http://www.xbrl.org/2003/arcrole/parent-child" xlink:from="StatementOfFinancialPositionLineItems_terseLabel" xlink:to="AssetsAbstract_terseLabel" use="optional" order="2" preferredLabel="http://www.xbrl.org/2003/role/terseLabel" />
    <presentationArc xlink:type="arc" xlink:arcrole="http://www.xbrl.org/2003/arcrole/parent-child" xlink:from="AssetsAbstract_terseLabel" xlink:to="CurrentAssetsAbstract_terseLabel" use="optional" order="1" preferredLabel="http://www.xbrl.org/2003/role/terseLabel" />
    <presentationArc xlink:type="arc" xlink:arcrole="http://www.xbrl.org/2003/arcrole/parent-child" xlink:from="CurrentAssetsAbstract_terseLabel" xlink:to="CashAndCashEquivalents" use="optional" order="1" />
    <presentationArc xlink:type="arc" xlink:arcrole="http://www.xbrl.org/2003/arcrole/parent-child" xlink:from="CurrentAssetsAbstract_terseLabel" xlink:to="CurrentInvestments_PresentationLabel" use="optional" order="2" preferredLabel="http://www.dbd.go.th/xbrl/taxonomy/2015-01-01/dbd-lab/rol/PresentationLabel" />
    <presentationArc xlink:type="arc" xlink:arcrole="http://www.xbrl.org/2003/arcrole/parent-child" xlink:from="CurrentAssetsAbstract_terseLabel" xlink:to="TradeAndOtherReceivables" use="optional" order="3" />
    <presentationArc xlink:type="arc" xlink:arcrole="http://www.xbrl.org/2003/arcrole/parent-child" xlink:from="CurrentAssetsAbstract_terseLabel" xlink:to="CurrentLoansAndAdvances_PresentationLabel" use="optional" order="4" preferredLabel="http://www.dbd.go.th/xbrl/taxonomy/2015-01-01/dbd-lab/rol/PresentationLabel" />
    <presentationArc xlink:type="arc" xlink:arcrole="http://www.xbrl.org/2003/arcrole/parent-child" xlink:from="CurrentAssetsAbstract_terseLabel" xlink:to="Inventories" use="optional" order="5" />
    <presentationArc xlink:type="arc" xlink:arcrole="http://www.xbrl.org/2003/arcrole/parent-child" xlink:from="CurrentAssetsAbstract_terseLabel" xlink:to="OtherCurrentAssets" use="optional" order="6" />
    <presentationArc xlink:type="arc" xlink:arcrole="http://www.xbrl.org/2003/arcrole/parent-child" xlink:from="CurrentAssetsAbstract_terseLabel" xlink:to="CurrentAssets_totalLabel" use="optional" order="7" preferredLabel="http://www.xbrl.org/2003/role/totalLabel" />
    <presentationArc xlink:type="arc" xlink:arcrole="http://www.xbrl.org/2003/arcrole/parent-child" xlink:from="AssetsAbstract_terseLabel" xlink:to="NonCurrentAssetsAbstract_terseLabel" use="optional" order="2" preferredLabel="http://www.xbrl.org/2003/role/terseLabel" />
    <presentationArc xlink:type="arc" xlink:arcrole="http://www.xbrl.org/2003/arcrole/parent-child" xlink:from="NonCurrentAssetsAbstract_terseLabel" xlink:to="InvestmentsHeldAsAvailableForSale_terseLabel" use="optional" order="1" preferredLabel="http://www.xbrl.org/2003/role/terseLabel" />
    <presentationArc xlink:type="arc" xlink:arcrole="http://www.xbrl.org/2003/arcrole/parent-child" xlink:from="NonCurrentAssetsAbstract_terseLabel" xlink:to="InvestmentsInAssociates" use="optional" order="2" />
    <presentationArc xlink:type="arc" xlink:arcrole="http://www.xbrl.org/2003/arcrole/parent-child" xlink:from="NonCurrentAssetsAbstract_terseLabel" xlink:to="InvestmentsInSubsidiaries" use="optional" order="3" />
    <presentationArc xlink:type="arc" xlink:arcrole="http://www.xbrl.org/2003/arcrole/parent-child" xlink:from="NonCurrentAssetsAbstract_terseLabel" xlink:to="InvestmentsInJointVentures" use="optional" order="4" />
    <presentationArc xlink:type="arc" xlink:arcrole="http://www.xbrl.org/2003/arcrole/parent-child" xlink:from="NonCurrentAssetsAbstract_terseLabel" xlink:to="OtherNonCurrentInvestments_PresentationLabel" use="optional" order="5" preferredLabel="http://www.dbd.go.th/xbrl/taxonomy/2015-01-01/dbd-lab/rol/PresentationLabel" />
    <presentationArc xlink:type="arc" xlink:arcrole="http://www.xbrl.org/2003/arcrole/parent-child" xlink:from="NonCurrentAssetsAbstract_terseLabel" xlink:to="NonCurrentLoansAndAdvances_PresentationLabel" use="optional" order="6" preferredLabel="http://www.dbd.go.th/xbrl/taxonomy/2015-01-01/dbd-lab/rol/PresentationLabel" />
    <presentationArc xlink:type="arc" xlink:arcrole="http://www.xbrl.org/2003/arcrole/parent-child" xlink:from="NonCurrentAssetsAbstract_terseLabel" xlink:to="InvestmentProperty" use="optional" order="7" />
    <presentationArc xlink:type="arc" xlink:arcrole="http://www.xbrl.org/2003/arcrole/parent-child" xlink:from="NonCurrentAssetsAbstract_terseLabel" xlink:to="NonCurrentAssetsClassifiedAsHeldForSale" use="optional" order="8" />
    <presentationArc xlink:type="arc" xlink:arcrole="http://www.xbrl.org/2003/arcrole/parent-child" xlink:from="NonCurrentAssetsAbstract_terseLabel" xlink:to="PropertyPlantAndEquipment" use="optional" order="9" />
    <presentationArc xlink:type="arc" xlink:arcrole="http://www.xbrl.org/2003/arcrole/parent-child" xlink:from="NonCurrentAssetsAbstract_terseLabel" xlink:to="IntangibleAssets" use="optional" order="10" />
    <presentationArc xlink:type="arc" xlink:arcrole="http://www.xbrl.org/2003/arcrole/parent-child" xlink:from="NonCurrentAssetsAbstract_terseLabel" xlink:to="OtherNonCurrentAssets" use="optional" order="11" />
    <presentationArc xlink:type="arc" xlink:arcrole="http://www.xbrl.org/2003/arcrole/parent-child" xlink:from="NonCurrentAssetsAbstract_terseLabel" xlink:to="NonCurrentAssets_totalLabel" use="optional" order="12" preferredLabel="http://www.xbrl.org/2003/role/totalLabel" />
    <presentationArc xlink:type="arc" xlink:arcrole="http://www.xbrl.org/2003/arcrole/parent-child" xlink:from="AssetsAbstract_terseLabel" xlink:to="Assets_totalLabel" use="optional" order="3" preferredLabel="http://www.xbrl.org/2003/role/totalLabel" />
    <presentationArc xlink:type="arc" xlink:arcrole="http://www.xbrl.org/2003/arcrole/parent-child" xlink:from="StatementOfFinancialPositionLineItems_terseLabel" xlink:to="LiabilitiesAndEquityAbstract_PresentationLabel" use="optional" order="3" preferredLabel="http://www.dbd.go.th/xbrl/taxonomy/2015-01-01/dbd-lab/rol/PresentationLabel" />
    <presentationArc xlink:type="arc" xlink:arcrole="http://www.xbrl.org/2003/arcrole/parent-child" xlink:from="LiabilitiesAndEquityAbstract_PresentationLabel" xlink:to="CurrentLiabilitiesAbstract_terseLabel" use="optional" order="1" preferredLabel="http://www.xbrl.org/2003/role/terseLabel" />
    <presentationArc xlink:type="arc" xlink:arcrole="http://www.xbrl.org/2003/arcrole/parent-child" xlink:from="CurrentLiabilitiesAbstract_terseLabel" xlink:to="BankOverdraftsAndShortTermBorrowingFromFinancialInstitutions" use="optional" order="1" />
    <presentationArc xlink:type="arc" xlink:arcrole="http://www.xbrl.org/2003/arcrole/parent-child" xlink:from="CurrentLiabilitiesAbstract_terseLabel" xlink:to="TradeAndOtherPayables" use="optional" order="2" />
    <presentationArc xlink:type="arc" xlink:arcrole="http://www.xbrl.org/2003/arcrole/parent-child" xlink:from="CurrentLiabilitiesAbstract_terseLabel" xlink:to="CurrentPortionOfLongTermLiabilities" use="optional" order="3" />
    <presentationArc xlink:type="arc" xlink:arcrole="http://www.xbrl.org/2003/arcrole/parent-child" xlink:from="CurrentLiabilitiesAbstract_terseLabel" xlink:to="ShortTermBorrowings" use="optional" order="4" />
    <presentationArc xlink:type="arc" xlink:arcrole="http://www.xbrl.org/2003/arcrole/parent-child" xlink:from="CurrentLiabilitiesAbstract_terseLabel" xlink:to="CurrentIncomeTaxPayable" use="optional" order="5" />
    <presentationArc xlink:type="arc" xlink:arcrole="http://www.xbrl.org/2003/arcrole/parent-child" xlink:from="CurrentLiabilitiesAbstract_terseLabel" xlink:to="ShortTermProvisions" use="optional" order="6" />
    <presentationArc xlink:type="arc" xlink:arcrole="http://www.xbrl.org/2003/arcrole/parent-child" xlink:from="CurrentLiabilitiesAbstract_terseLabel" xlink:to="OtherCurrentLiabilities" use="optional" order="7" />
    <presentationArc xlink:type="arc" xlink:arcrole="http://www.xbrl.org/2003/arcrole/parent-child" xlink:from="CurrentLiabilitiesAbstract_terseLabel" xlink:to="CurrentLiabilities_totalLabel" use="optional" order="8" preferredLabel="http://www.xbrl.org/2003/role/totalLabel" />
    <presentationArc xlink:type="arc" xlink:arcrole="http://www.xbrl.org/2003/arcrole/parent-child" xlink:from="LiabilitiesAndEquityAbstract_PresentationLabel" xlink:to="NonCurrentLiabilitiesAbstract_terseLabel" use="optional" order="2" preferredLabel="http://www.xbrl.org/2003/role/terseLabel" />
    <presentationArc xlink:type="arc" xlink:arcrole="http://www.xbrl.org/2003/arcrole/parent-child" xlink:from="NonCurrentLiabilitiesAbstract_terseLabel" xlink:to="LongTermBorrowings" use="optional" order="1" />
    <presentationArc xlink:type="arc" xlink:arcrole="http://www.xbrl.org/2003/arcrole/parent-child" xlink:from="NonCurrentLiabilitiesAbstract_terseLabel" xlink:to="EmployeeBenefitObligation_PresentationLabel" use="optional" order="2" preferredLabel="http://www.dbd.go.th/xbrl/taxonomy/2015-01-01/dbd-lab/rol/PresentationLabel" />
    <presentationArc xlink:type="arc" xlink:arcrole="http://www.xbrl.org/2003/arcrole/parent-child" xlink:from="NonCurrentLiabilitiesAbstract_terseLabel" xlink:to="LongTermProvisions" use="optional" order="3" />
    <presentationArc xlink:type="arc" xlink:arcrole="http://www.xbrl.org/2003/arcrole/parent-child" xlink:from="NonCurrentLiabilitiesAbstract_terseLabel" xlink:to="OtherNonCurrentLiabilities" use="optional" order="4" />
    <presentationArc xlink:type="arc" xlink:arcrole="http://www.xbrl.org/2003/arcrole/parent-child" xlink:from="NonCurrentLiabilitiesAbstract_terseLabel" xlink:to="NonCurrentLiabilities_totalLabel" use="optional" order="5" preferredLabel="http://www.xbrl.org/2003/role/totalLabel" />
    <presentationArc xlink:type="arc" xlink:arcrole="http://www.xbrl.org/2003/arcrole/parent-child" xlink:from="LiabilitiesAndEquityAbstract_PresentationLabel" xlink:to="Liabilities_totalLabel" use="optional" order="3" preferredLabel="http://www.xbrl.org/2003/role/totalLabel" />
    <presentationArc xlink:type="arc" xlink:arcrole="http://www.xbrl.org/2003/arcrole/parent-child" xlink:from="LiabilitiesAndEquityAbstract_PresentationLabel" xlink:to="EquityAbstract_PresentationLabel" use="optional" order="4" preferredLabel="http://www.dbd.go.th/xbrl/taxonomy/2015-01-01/dbd-lab/rol/PresentationLabel" />
    <presentationArc xlink:type="arc" xlink:arcrole="http://www.xbrl.org/2003/arcrole/parent-child" xlink:from="EquityAbstract_PresentationLabel" xlink:to="PartnersCapital" use="optional" order="1" />
    <presentationArc xlink:type="arc" xlink:arcrole="http://www.xbrl.org/2003/arcrole/parent-child" xlink:from="EquityAbstract_PresentationLabel" xlink:to="UnappropriatedRetainedEarnings_PresentationLabel" use="optional" order="2" preferredLabel="http://www.dbd.go.th/xbrl/taxonomy/2015-01-01/dbd-lab/rol/PresentationLabel" />
    <presentationArc xlink:type="arc" xlink:arcrole="http://www.xbrl.org/2003/arcrole/parent-child" xlink:from="EquityAbstract_PresentationLabel" xlink:to="OtherComponentsOfEquity_PresentationLabel" use="optional" order="3" preferredLabel="http://www.dbd.go.th/xbrl/taxonomy/2015-01-01/dbd-lab/rol/PresentationLabel" />
    <presentationArc xlink:type="arc" xlink:arcrole="http://www.xbrl.org/2003/arcrole/parent-child" xlink:from="EquityAbstract_PresentationLabel" xlink:to="Equity_PresentationTotalLabel" use="optional" order="4" preferredLabel="http://www.dbd.go.th/xbrl/taxonomy/2015-01-01/dbd-lab/rol/PresentationTotalLabel" />
    <presentationArc xlink:type="arc" xlink:arcrole="http://www.xbrl.org/2003/arcrole/parent-child" xlink:from="LiabilitiesAndEquityAbstract_PresentationLabel" xlink:to="LiabilitiesAndEquity_PresentationTotalLabel" use="optional" order="5" preferredLabel="http://www.dbd.go.th/xbrl/taxonomy/2015-01-01/dbd-lab/rol/PresentationTotalLabel" />
  </presentationLink>
  <presentationLink xlink:type="extended" xlink:role="http://www.cmp.com/cmp-2018-03-09/role/rol-dbd_StatementOfIncomeStatementOfComprehensiveIncomeByFunctionOfExpenseSingleStepOneStatement">
    <loc xlink:type="locator" xlink:href="elts/elts_tfrs/tfrs-npae/tfrs-npae-cor_2015-01-01.xsd#tfrs-npae_StatementOfIncomeStatementOfComprehensiveIncomeByFunctionOfExpenseSingleStepOneStatementAbstract" xlink:label="StatementOfIncomeStatementOfComprehensiveIncomeByFunctionOfExpenseSingleStepOneStatementAbstract" />
    <loc xlink:type="locator" xlink:href="elts/elts_tfrs/tfrs-npae/tfrs-npae-cor_2015-01-01.xsd#tfrs-npae_StatementOfIncomeAbstract" xlink:label="StatementOfIncomeAbstract_terseLabel" />
    <loc xlink:type="locator" xlink:href="elts/elts_tfrs/tfrs-npae/tfrs-npae-cor_2015-01-01.xsd#tfrs-npae_RevenueAbstract" xlink:label="RevenueAbstract_terseLabel" />
    <loc xlink:type="locator" xlink:href="elts/elts_tfrs/tfrs-npae/tfrs-npae-cor_2015-01-01.xsd#tfrs-npae_RevenuesFromSalesOrRevenuesFromServices" xlink:label="RevenuesFromSalesOrRevenuesFromServices" />
    <loc xlink:type="locator" xlink:href="elts/elts_tfrs/tfrs-npae/tfrs-npae-cor_2015-01-01.xsd#tfrs-npae_InterestIncome" xlink:label="InterestIncome" />
    <loc xlink:type="locator" xlink:href="elts/elts_tfrs/tfrs-npae/tfrs-npae-cor_2015-01-01.xsd#tfrs-npae_ContractRevenue" xlink:label="ContractRevenue" />
    <loc xlink:type="locator" xlink:href="elts/elts_tfrs/tfrs-npae/tfrs-npae-cor_2015-01-01.xsd#tfrs-npae_OtherIncomes" xlink:label="OtherIncomes" />
    <loc xlink:type="locator" xlink:href="elts/elts_tfrs/tfrs-npae/tfrs-npae-cor_2015-01-01.xsd#tfrs-npae_Revenue" xlink:label="Revenue_totalLabel" />
    <loc xlink:type="locator" xlink:href="elts/elts_tfrs/tfrs-npae/tfrs-npae-cor_2015-01-01.xsd#tfrs-npae_ExpensesAbstract" xlink:label="ExpensesAbstract_terseLabel" />
    <loc xlink:type="locator" xlink:href="elts/elts_tfrs/tfrs-npae/tfrs-npae-cor_2015-01-01.xsd#tfrs-npae_CostsOfSaleOfGoodsAndRenderingOfServices" xlink:label="CostsOfSaleOfGoodsAndRenderingOfServices" />
    <loc xlink:type="locator" xlink:href="elts/elts_tfrs/tfrs-npae/tfrs-npae-cor_2015-01-01.xsd#tfrs-npae_ContractCosts" xlink:label="ContractCosts" />
    <loc xlink:type="locator" xlink:href="elts/elts_tfrs/tfrs-npae/tfrs-npae-cor_2015-01-01.xsd#tfrs-npae_SellingExpense" xlink:label="SellingExpense" />
    <loc xlink:type="locator" xlink:href="elts/elts_tfrs/tfrs-npae/tfrs-npae-cor_2015-01-01.xsd#tfrs-npae_AdministrativeExpense" xlink:label="AdministrativeExpense" />
    <loc xlink:type="locator" xlink:href="elts/elts_tfrs/tfrs-npae/tfrs-npae-cor_2015-01-01.xsd#tfrs-npae_OtherExpenses" xlink:label="OtherExpenses" />
    <loc xlink:type="locator" xlink:href="elts/elts_tfrs/tfrs-npae/tfrs-npae-cor_2015-01-01.xsd#tfrs-npae_Expenses" xlink:label="Expenses_totalLabel" />
    <loc xlink:type="locator" xlink:href="elts/elts_tfrs/tfrs-npae/tfrs-npae-cor_2015-01-01.xsd#tfrs-npae_ProfitLossBeforeFinanceCostsAndIncomeTaxExpense" xlink:label="ProfitLossBeforeFinanceCostsAndIncomeTaxExpense" />
    <loc xlink:type="locator" xlink:href="elts/elts_tfrs/tfrs-npae/tfrs-npae-cor_2015-01-01.xsd#tfrs-npae_FinanceCosts" xlink:label="FinanceCosts_negatedLabel" />
    <loc xlink:type="locator" xlink:href="elts/elts_tfrs/tfrs-npae/tfrs-npae-cor_2015-01-01.xsd#tfrs-npae_ProfitLossBeforeIncomeTaxExpense" xlink:label="ProfitLossBeforeIncomeTaxExpense" />
    <loc xlink:type="locator" xlink:href="elts/elts_tfrs/tfrs-npae/tfrs-npae-cor_2015-01-01.xsd#tfrs-npae_TaxExpenseIncome" xlink:label="TaxExpenseIncome_negatedTerseLabel" />
    <loc xlink:type="locator" xlink:href="elts/elts_tfrs/tfrs-npae/tfrs-npae-cor_2015-01-01.xsd#tfrs-npae_ProfitLoss" xlink:label="ProfitLoss_netLabel" />
    <presentationArc xlink:type="arc" xlink:arcrole="http://www.xbrl.org/2003/arcrole/parent-child" xlink:from="StatementOfIncomeStatementOfComprehensiveIncomeByFunctionOfExpenseSingleStepOneStatementAbstract" xlink:to="StatementOfIncomeAbstract_terseLabel" use="optional" order="1" preferredLabel="http://www.xbrl.org/2003/role/terseLabel" />
    <presentationArc xlink:type="arc" xlink:arcrole="http://www.xbrl.org/2003/arcrole/parent-child" xlink:from="StatementOfIncomeAbstract_terseLabel" xlink:to="RevenueAbstract_terseLabel" use="optional" order="2" preferredLabel="http://www.xbrl.org/2003/role/terseLabel" />
    <presentationArc xlink:type="arc" xlink:arcrole="http://www.xbrl.org/2003/arcrole/parent-child" xlink:from="RevenueAbstract_terseLabel" xlink:to="RevenuesFromSalesOrRevenuesFromServices" use="optional" order="1" />
    <presentationArc xlink:type="arc" xlink:arcrole="http://www.xbrl.org/2003/arcrole/parent-child" xlink:from="RevenueAbstract_terseLabel" xlink:to="InterestIncome" use="optional" order="2" />
    <presentationArc xlink:type="arc" xlink:arcrole="http://www.xbrl.org/2003/arcrole/parent-child" xlink:from="RevenueAbstract_terseLabel" xlink:to="ContractRevenue" use="optional" order="3" />
    <presentationArc xlink:type="arc" xlink:arcrole="http://www.xbrl.org/2003/arcrole/parent-child" xlink:from="RevenueAbstract_terseLabel" xlink:to="OtherIncomes" use="optional" order="4" />
    <presentationArc xlink:type="arc" xlink:arcrole="http://www.xbrl.org/2003/arcrole/parent-child" xlink:from="RevenueAbstract_terseLabel" xlink:to="Revenue_totalLabel" use="optional" order="5" preferredLabel="http://www.xbrl.org/2003/role/totalLabel" />
    <presentationArc xlink:type="arc" xlink:arcrole="http://www.xbrl.org/2003/arcrole/parent-child" xlink:from="StatementOfIncomeAbstract_terseLabel" xlink:to="ExpensesAbstract_terseLabel" use="optional" order="3" preferredLabel="http://www.xbrl.org/2003/role/terseLabel" />
    <presentationArc xlink:type="arc" xlink:arcrole="http://www.xbrl.org/2003/arcrole/parent-child" xlink:from="ExpensesAbstract_terseLabel" xlink:to="CostsOfSaleOfGoodsAndRenderingOfServices" use="optional" order="1" />
    <presentationArc xlink:type="arc" xlink:arcrole="http://www.xbrl.org/2003/arcrole/parent-child" xlink:from="ExpensesAbstract_terseLabel" xlink:to="ContractCosts" use="optional" order="2" />
    <presentationArc xlink:type="arc" xlink:arcrole="http://www.xbrl.org/2003/arcrole/parent-child" xlink:from="ExpensesAbstract_terseLabel" xlink:to="SellingExpense" use="optional" order="3" />
    <presentationArc xlink:type="arc" xlink:arcrole="http://www.xbrl.org/2003/arcrole/parent-child" xlink:from="ExpensesAbstract_terseLabel" xlink:to="AdministrativeExpense" use="optional" order="4" />
    <presentationArc xlink:type="arc" xlink:arcrole="http://www.xbrl.org/2003/arcrole/parent-child" xlink:from="ExpensesAbstract_terseLabel" xlink:to="OtherExpenses" use="optional" order="5" />
    <presentationArc xlink:type="arc" xlink:arcrole="http://www.xbrl.org/2003/arcrole/parent-child" xlink:from="ExpensesAbstract_terseLabel" xlink:to="Expenses_totalLabel" use="optional" order="6" preferredLabel="http://www.xbrl.org/2003/role/totalLabel" />
    <presentationArc xlink:type="arc" xlink:arcrole="http://www.xbrl.org/2003/arcrole/parent-child" xlink:from="StatementOfIncomeAbstract_terseLabel" xlink:to="ProfitLossBeforeFinanceCostsAndIncomeTaxExpense" use="optional" order="4" />
    <presentationArc xlink:type="arc" xlink:arcrole="http://www.xbrl.org/2003/arcrole/parent-child" xlink:from="StatementOfIncomeAbstract_terseLabel" xlink:to="FinanceCosts_negatedLabel" use="optional" order="5" preferredLabel="http://www.xbrl.org/2009/role/negatedLabel" />
    <presentationArc xlink:type="arc" xlink:arcrole="http://www.xbrl.org/2003/arcrole/parent-child" xlink:from="StatementOfIncomeAbstract_terseLabel" xlink:to="ProfitLossBeforeIncomeTaxExpense" use="optional" order="6" />
    <presentationArc xlink:type="arc" xlink:arcrole="http://www.xbrl.org/2003/arcrole/parent-child" xlink:from="StatementOfIncomeAbstract_terseLabel" xlink:to="TaxExpenseIncome_negatedTerseLabel" use="optional" order="7" preferredLabel="http://www.xbrl.org/2009/role/negatedTerseLabel" />
    <presentationArc xlink:type="arc" xlink:arcrole="http://www.xbrl.org/2003/arcrole/parent-child" xlink:from="StatementOfIncomeAbstract_terseLabel" xlink:to="ProfitLoss_netLabel" use="optional" order="8" preferredLabel="http://www.xbrl.org/2009/role/netLabel" />
  </presentationLink>
  <presentationLink xlink:type="extended" xlink:role="http://www.cmp.com/cmp-2018-03-09/role/rol-dbd_NotesToFinancialStatement">
    <loc xlink:type="locator" xlink:href="elts/elts_tfrs/tfrs-npae/tfrs-npae-cor_2015-01-01.xsd#tfrs-npae_NotesToFinancialStatementsAbstract" xlink:label="NotesToFinancialStatementsAbstract" />
    <loc xlink:type="locator" xlink:href="elts/elts_tfrs/tfrs-npae/tfrs-npae-cor_2015-01-01.xsd#tfrs-npae_NotesToFinancialStatementsExplanatoryTextBlock" xlink:label="NotesToFinancialStatementsExplanatoryTextBlock" />
    <presentationArc xlink:type="arc" xlink:arcrole="http://www.xbrl.org/2003/arcrole/parent-child" xlink:from="NotesToFinancialStatementsAbstract" xlink:to="NotesToFinancialStatementsExplanatoryTextBlock" use="optional" order="2" />
  </presentationLink>
</linkbase>