﻿<?xml version="1.0" encoding="utf-8"?>
<xbrli:xbrl xmlns:xbrli="http://www.xbrl.org/2003/instance" xmlns:link="http://www.xbrl.org/2003/linkbase" xmlns:xlink="http://www.w3.org/1999/xlink" xmlns:iso4217="http://www.xbrl.org/2003/iso4217" xmlns:xbrldi="http://xbrl.org/2006/xbrldi" xmlns:dbd="http://www.dbd.go.th/xbrl/taxonomy/2015-01-01/elts/dbd" xmlns:tfrs-npae="http://www.dbd.go.th/xbrl/taxonomy/2015-01-01/elts/tfrs-npae">
<link:schemaRef xlink:type="simple" xlink:href="cmp_2017-12-31.xsd" />
<xbrli:context id="fromto_20170101_20171231">
<xbrli:entity>
<xbrli:identifier scheme="http://www.cmp.com/">0105534012152</xbrli:identifier>
</xbrli:entity>
<xbrli:period>
<xbrli:startDate>2017-01-01</xbrli:startDate>
<xbrli:endDate>2017-12-31</xbrli:endDate>
</xbrli:period>
</xbrli:context>
<xbrli:context id="asof_20171231">
<xbrli:entity>
<xbrli:identifier scheme="http://www.cmp.com/">0105534012152</xbrli:identifier>
</xbrli:entity>
<xbrli:period>
<xbrli:instant>2017-12-31</xbrli:instant>
</xbrli:period>
</xbrli:context>
<xbrli:context id="asof_20161231">
<xbrli:entity>
<xbrli:identifier scheme="http://www.cmp.com/">0105534012152</xbrli:identifier>
</xbrli:entity>
<xbrli:period>
<xbrli:instant>2016-12-31</xbrli:instant>
</xbrli:period>
</xbrli:context>
<xbrli:context id="fromto_20160101_20161231">
<xbrli:entity>
<xbrli:identifier scheme="http://www.cmp.com/">0105534012152</xbrli:identifier>
</xbrli:entity>
<xbrli:period>
<xbrli:startDate>2016-01-01</xbrli:startDate>
<xbrli:endDate>2016-12-31</xbrli:endDate>
</xbrli:period>
</xbrli:context>
<xbrli:context id="asof_20161231_IssuedAndPaidUpShareCapitalMember">
<xbrli:entity>
<xbrli:identifier scheme="http://www.cmp.com/">0105534012152</xbrli:identifier>
</xbrli:entity>
<xbrli:period>
<xbrli:instant>2016-12-31</xbrli:instant>
</xbrli:period>
<xbrli:scenario>
<xbrldi:explicitMember dimension="tfrs-npae:ComponentsOfEquityAxis">tfrs-npae:IssuedAndPaidUpShareCapitalMember</xbrldi:explicitMember>
</xbrli:scenario>
</xbrli:context>
<xbrli:context id="asof_20161231_RetainedEarningsMember">
<xbrli:entity>
<xbrli:identifier scheme="http://www.cmp.com/">0105534012152</xbrli:identifier>
</xbrli:entity>
<xbrli:period>
<xbrli:instant>2016-12-31</xbrli:instant>
</xbrli:period>
<xbrli:scenario>
<xbrldi:explicitMember dimension="tfrs-npae:ComponentsOfEquityAxis">tfrs-npae:RetainedEarningsMember</xbrldi:explicitMember>
</xbrli:scenario>
</xbrli:context>
<xbrli:context id="asof_20151231_IssuedAndPaidUpShareCapitalMember">
<xbrli:entity>
<xbrli:identifier scheme="http://www.cmp.com/">0105534012152</xbrli:identifier>
</xbrli:entity>
<xbrli:period>
<xbrli:instant>2015-12-31</xbrli:instant>
</xbrli:period>
<xbrli:scenario>
<xbrldi:explicitMember dimension="tfrs-npae:ComponentsOfEquityAxis">tfrs-npae:IssuedAndPaidUpShareCapitalMember</xbrldi:explicitMember>
</xbrli:scenario>
</xbrli:context>
<xbrli:context id="asof_20151231_RetainedEarningsMember">
<xbrli:entity>
<xbrli:identifier scheme="http://www.cmp.com/">0105534012152</xbrli:identifier>
</xbrli:entity>
<xbrli:period>
<xbrli:instant>2015-12-31</xbrli:instant>
</xbrli:period>
<xbrli:scenario>
<xbrldi:explicitMember dimension="tfrs-npae:ComponentsOfEquityAxis">tfrs-npae:RetainedEarningsMember</xbrldi:explicitMember>
</xbrli:scenario>
</xbrli:context>
<xbrli:context id="asof_20151231">
<xbrli:entity>
<xbrli:identifier scheme="http://www.cmp.com/">0105534012152</xbrli:identifier>
</xbrli:entity>
<xbrli:period>
<xbrli:instant>2015-12-31</xbrli:instant>
</xbrli:period>
</xbrli:context>
<xbrli:context id="fromto_20170101_20171231_RetainedEarningsMember">
<xbrli:entity>
<xbrli:identifier scheme="http://www.cmp.com/">0105534012152</xbrli:identifier>
</xbrli:entity>
<xbrli:period>
<xbrli:startDate>2017-01-01</xbrli:startDate>
<xbrli:endDate>2017-12-31</xbrli:endDate>
</xbrli:period>
<xbrli:scenario>
<xbrldi:explicitMember dimension="tfrs-npae:ComponentsOfEquityAxis">tfrs-npae:RetainedEarningsMember</xbrldi:explicitMember>
</xbrli:scenario>
</xbrli:context>
<xbrli:context id="fromto_20160101_20161231_RetainedEarningsMember">
<xbrli:entity>
<xbrli:identifier scheme="http://www.cmp.com/">0105534012152</xbrli:identifier>
</xbrli:entity>
<xbrli:period>
<xbrli:startDate>2016-01-01</xbrli:startDate>
<xbrli:endDate>2016-12-31</xbrli:endDate>
</xbrli:period>
<xbrli:scenario>
<xbrldi:explicitMember dimension="tfrs-npae:ComponentsOfEquityAxis">tfrs-npae:RetainedEarningsMember</xbrldi:explicitMember>
</xbrli:scenario>
</xbrli:context>
<xbrli:context id="asof_20171231_IssuedAndPaidUpShareCapitalMember">
<xbrli:entity>
<xbrli:identifier scheme="http://www.cmp.com/">0105534012152</xbrli:identifier>
</xbrli:entity>
<xbrli:period>
<xbrli:instant>2017-12-31</xbrli:instant>
</xbrli:period>
<xbrli:scenario>
<xbrldi:explicitMember dimension="tfrs-npae:ComponentsOfEquityAxis">tfrs-npae:IssuedAndPaidUpShareCapitalMember</xbrldi:explicitMember>
</xbrli:scenario>
</xbrli:context>
<xbrli:context id="asof_20171231_RetainedEarningsMember">
<xbrli:entity>
<xbrli:identifier scheme="http://www.cmp.com/">0105534012152</xbrli:identifier>
</xbrli:entity>
<xbrli:period>
<xbrli:instant>2017-12-31</xbrli:instant>
</xbrli:period>
<xbrli:scenario>
<xbrldi:explicitMember dimension="tfrs-npae:ComponentsOfEquityAxis">tfrs-npae:RetainedEarningsMember</xbrldi:explicitMember>
</xbrli:scenario>
</xbrli:context>

<xbrli:unit id="THB">
<xbrli:measure>iso4217:THB</xbrli:measure>
</xbrli:unit>
<xbrli:unit id="share">
<xbrli:measure>xbrli:shares</xbrli:measure>
</xbrli:unit>
<xbrli:unit id="THBPerShare">
<xbrli:divide>
<xbrli:unitNumerator><xbrli:measure>iso4217:THB</xbrli:measure></xbrli:unitNumerator>
<xbrli:unitDenominator>
<xbrli:measure>xbrli:shares</xbrli:measure></xbrli:unitDenominator>
</xbrli:divide>
</xbrli:unit>

<dbd:JuristicPersonIdentificationNumber contextRef="fromto_20170101_20171231">0105534012152</dbd:JuristicPersonIdentificationNumber>
<dbd:TypeOfJuristicPerson contextRef="fromto_20170101_20171231">บริษัทจำกัด (Company Limited)</dbd:TypeOfJuristicPerson>
<dbd:NameOfJuristicPerson contextRef="fromto_20170101_20171231">บริษัท สีอีซามุไทย จำกัด</dbd:NameOfJuristicPerson>
<dbd:WhetherFilingFinancialStatementsThroughEFilingSystemForFirstTime contextRef="fromto_20170101_20171231">true</dbd:WhetherFilingFinancialStatementsThroughEFilingSystemForFirstTime>
<dbd:WhetherFilingFirstFinancialStatementsSinceIncorporationOrFormationOfLegalEntity contextRef="fromto_20170101_20171231">false</dbd:WhetherFilingFirstFinancialStatementsSinceIncorporationOrFormationOfLegalEntity>
<dbd:StartDateOfCurrentReportingPeriod contextRef="asof_20171231">2017-01-01</dbd:StartDateOfCurrentReportingPeriod>
<dbd:EndDateOfCurrentReportingPeriod contextRef="asof_20171231">2017-12-31</dbd:EndDateOfCurrentReportingPeriod>
<dbd:StartDateOfPreviousReportingPeriod contextRef="asof_20171231">2016-01-01</dbd:StartDateOfPreviousReportingPeriod>
<dbd:EndDateOfPreviousReportingPeriod contextRef="asof_20171231">2016-12-31</dbd:EndDateOfPreviousReportingPeriod>
<dbd:TypeOfBusinessSector contextRef="fromto_20170101_20171231">ทั่วไป(Others)</dbd:TypeOfBusinessSector>
<dbd:FinancialReportingStandardAdoptedInPreparationOfFinancialStatements contextRef="fromto_20170101_20171231">TFRS สำหรับกิจการที่ไม่มีส่วนได้เสียสาธารณะ (TFRS for NPAEs)</dbd:FinancialReportingStandardAdoptedInPreparationOfFinancialStatements>
<dbd:TemplateOfFinancialStatements contextRef="fromto_20170101_20171231">รูปแบบทั่วไป (General template)</dbd:TemplateOfFinancialStatements>
<dbd:NatureOfFinancialStatements contextRef="fromto_20170101_20171231">งบการเงินเฉพาะกิจการ (Separate Financial Statements)</dbd:NatureOfFinancialStatements>
<dbd:WhetherThereAreRestatementOrReclassificationToComparativeAmounts contextRef="fromto_20170101_20171231">false</dbd:WhetherThereAreRestatementOrReclassificationToComparativeAmounts>
<dbd:WhetherRestatedReclassifiedOpeningBalancesForPreviousFinancialReportingPeriodAreToBePresentedInStatementOfFinancialPosition contextRef="fromto_20170101_20171231">false</dbd:WhetherRestatedReclassifiedOpeningBalancesForPreviousFinancialReportingPeriodAreToBePresentedInStatementOfFinancialPosition>
<dbd:AuditStatusOfFinancialStatements contextRef="fromto_20170101_20171231">ตรวจสอบแล้ว (Audited)</dbd:AuditStatusOfFinancialStatements>
<dbd:DescriptionOfPresentationCurrency contextRef="fromto_20170101_20171231">บาท</dbd:DescriptionOfPresentationCurrency>
<dbd:LevelOfRoundingOffUsedInFinancialStatements contextRef="fromto_20170101_20171231">แสดงตามจริง (Actuals)</dbd:LevelOfRoundingOffUsedInFinancialStatements>
<tfrs-npae:CashAndCashEquivalents contextRef="asof_20171231" unitRef="THB" decimals="2">41866.03</tfrs-npae:CashAndCashEquivalents>
<tfrs-npae:CashAndCashEquivalents contextRef="asof_20161231" unitRef="THB" decimals="2">8226.21</tfrs-npae:CashAndCashEquivalents>
<tfrs-npae:TradeAndOtherReceivables contextRef="asof_20171231" unitRef="THB" decimals="2">8307003.76</tfrs-npae:TradeAndOtherReceivables>
<tfrs-npae:TradeAndOtherReceivables contextRef="asof_20161231" unitRef="THB" decimals="2">9840224.06</tfrs-npae:TradeAndOtherReceivables>
<tfrs-npae:Inventories contextRef="asof_20171231" unitRef="THB" decimals="2">7639799.31</tfrs-npae:Inventories>
<tfrs-npae:Inventories contextRef="asof_20161231" unitRef="THB" decimals="2">15171831.53</tfrs-npae:Inventories>
<tfrs-npae:OtherCurrentAssets contextRef="asof_20171231" unitRef="THB" decimals="2">734066.38</tfrs-npae:OtherCurrentAssets>
<tfrs-npae:OtherCurrentAssets contextRef="asof_20161231" unitRef="THB" decimals="2">234307.08</tfrs-npae:OtherCurrentAssets>
<tfrs-npae:CurrentAssets contextRef="asof_20171231" unitRef="THB" decimals="2">16722735.48</tfrs-npae:CurrentAssets>
<tfrs-npae:CurrentAssets contextRef="asof_20161231" unitRef="THB" decimals="2">25254588.88</tfrs-npae:CurrentAssets>
<tfrs-npae:PropertyPlantAndEquipment contextRef="asof_20171231" unitRef="THB" decimals="2">2321121.44</tfrs-npae:PropertyPlantAndEquipment>
<tfrs-npae:PropertyPlantAndEquipment contextRef="asof_20161231" unitRef="THB" decimals="2">3116564.17</tfrs-npae:PropertyPlantAndEquipment>
<tfrs-npae:OtherNonCurrentAssets contextRef="asof_20171231" unitRef="THB" decimals="2">181101.94</tfrs-npae:OtherNonCurrentAssets>
<tfrs-npae:OtherNonCurrentAssets contextRef="asof_20161231" unitRef="THB" decimals="2">203393.43</tfrs-npae:OtherNonCurrentAssets>
<tfrs-npae:NonCurrentAssets contextRef="asof_20171231" unitRef="THB" decimals="2">2502223.38</tfrs-npae:NonCurrentAssets>
<tfrs-npae:NonCurrentAssets contextRef="asof_20161231" unitRef="THB" decimals="1">3319957.6</tfrs-npae:NonCurrentAssets>
<tfrs-npae:Assets contextRef="asof_20171231" unitRef="THB" decimals="2">19224958.86</tfrs-npae:Assets>
<tfrs-npae:Assets contextRef="asof_20161231" unitRef="THB" decimals="2">28574546.48</tfrs-npae:Assets>
<tfrs-npae:BankOverdraftsAndShortTermBorrowingFromFinancialInstitutions contextRef="asof_20171231" unitRef="THB" decimals="2">812438.82</tfrs-npae:BankOverdraftsAndShortTermBorrowingFromFinancialInstitutions>
<tfrs-npae:BankOverdraftsAndShortTermBorrowingFromFinancialInstitutions contextRef="asof_20161231" unitRef="THB" decimals="2">1510257.43</tfrs-npae:BankOverdraftsAndShortTermBorrowingFromFinancialInstitutions>
<tfrs-npae:TradeAndOtherPayables contextRef="asof_20171231" unitRef="THB" decimals="2">7134928.19</tfrs-npae:TradeAndOtherPayables>
<tfrs-npae:TradeAndOtherPayables contextRef="asof_20161231" unitRef="THB" decimals="2">14124707.16</tfrs-npae:TradeAndOtherPayables>
<tfrs-npae:CurrentPortionOfLongTermLiabilities contextRef="asof_20171231" unitRef="THB" decimals="2">39693.56</tfrs-npae:CurrentPortionOfLongTermLiabilities>
<tfrs-npae:CurrentPortionOfLongTermLiabilities contextRef="asof_20161231" unitRef="THB" decimals="0">125160</tfrs-npae:CurrentPortionOfLongTermLiabilities>
<tfrs-npae:OtherCurrentLiabilities contextRef="asof_20171231" unitRef="THB" decimals="2">58117.12</tfrs-npae:OtherCurrentLiabilities>
<tfrs-npae:OtherCurrentLiabilities contextRef="asof_20161231" unitRef="THB" decimals="2">100324.34</tfrs-npae:OtherCurrentLiabilities>
<tfrs-npae:CurrentLiabilities contextRef="asof_20171231" unitRef="THB" decimals="2">8045177.69</tfrs-npae:CurrentLiabilities>
<tfrs-npae:CurrentLiabilities contextRef="asof_20161231" unitRef="THB" decimals="2">15860448.93</tfrs-npae:CurrentLiabilities>
<tfrs-npae:LongTermBorrowings contextRef="asof_20171231" unitRef="THB" decimals="2">19742057.52</tfrs-npae:LongTermBorrowings>
<tfrs-npae:LongTermBorrowings contextRef="asof_20161231" unitRef="THB" decimals="2">24943427.83</tfrs-npae:LongTermBorrowings>
<tfrs-npae:OtherNonCurrentLiabilities contextRef="asof_20171231" unitRef="THB" decimals="0">0</tfrs-npae:OtherNonCurrentLiabilities>
<tfrs-npae:OtherNonCurrentLiabilities contextRef="asof_20161231" unitRef="THB" decimals="2">39693.56</tfrs-npae:OtherNonCurrentLiabilities>
<tfrs-npae:NonCurrentLiabilities contextRef="asof_20171231" unitRef="THB" decimals="2">19742057.52</tfrs-npae:NonCurrentLiabilities>
<tfrs-npae:NonCurrentLiabilities contextRef="asof_20161231" unitRef="THB" decimals="2">24983121.39</tfrs-npae:NonCurrentLiabilities>
<tfrs-npae:Liabilities contextRef="asof_20171231" unitRef="THB" decimals="2">27787235.21</tfrs-npae:Liabilities>
<tfrs-npae:Liabilities contextRef="asof_20161231" unitRef="THB" decimals="2">40843570.32</tfrs-npae:Liabilities>
<tfrs-npae:AuthorizedOrdinaryShareCapital contextRef="asof_20171231" unitRef="THB" decimals="0">6000000</tfrs-npae:AuthorizedOrdinaryShareCapital>
<tfrs-npae:AuthorizedOrdinaryShareCapital contextRef="asof_20161231" unitRef="THB" decimals="0">6000000</tfrs-npae:AuthorizedOrdinaryShareCapital>
<tfrs-npae:NumberOfAuthorizedOrdinaryShares contextRef="asof_20171231" unitRef="share" decimals="INF">60000</tfrs-npae:NumberOfAuthorizedOrdinaryShares>
<tfrs-npae:NumberOfAuthorizedOrdinaryShares contextRef="asof_20161231" unitRef="share" decimals="INF">60000</tfrs-npae:NumberOfAuthorizedOrdinaryShares>
<tfrs-npae:ParValueOfOrdinaryShares contextRef="asof_20171231" unitRef="THBPerShare" decimals="0">100</tfrs-npae:ParValueOfOrdinaryShares>
<tfrs-npae:ParValueOfOrdinaryShares contextRef="asof_20161231" unitRef="THBPerShare" decimals="0">100</tfrs-npae:ParValueOfOrdinaryShares>
<tfrs-npae:IssuedAndPaidUpOrdinaryShareCapital contextRef="asof_20171231" unitRef="THB" decimals="0">6000000</tfrs-npae:IssuedAndPaidUpOrdinaryShareCapital>
<tfrs-npae:IssuedAndPaidUpOrdinaryShareCapital contextRef="asof_20161231" unitRef="THB" decimals="0">6000000</tfrs-npae:IssuedAndPaidUpOrdinaryShareCapital>
<tfrs-npae:UnappropriatedRetainedEarnings contextRef="asof_20171231" unitRef="THB" decimals="2">-14562276.35</tfrs-npae:UnappropriatedRetainedEarnings>
<tfrs-npae:UnappropriatedRetainedEarnings contextRef="asof_20161231" unitRef="THB" decimals="2">-18269023.84</tfrs-npae:UnappropriatedRetainedEarnings>
<tfrs-npae:Equity contextRef="asof_20171231" unitRef="THB" decimals="2">-8562276.35</tfrs-npae:Equity>
<tfrs-npae:Equity contextRef="asof_20161231" unitRef="THB" decimals="2">-12269023.84</tfrs-npae:Equity>
<tfrs-npae:LiabilitiesAndEquity contextRef="asof_20171231" unitRef="THB" decimals="2">19224958.86</tfrs-npae:LiabilitiesAndEquity>
<tfrs-npae:LiabilitiesAndEquity contextRef="asof_20161231" unitRef="THB" decimals="2">28574546.48</tfrs-npae:LiabilitiesAndEquity>
<tfrs-npae:RevenuesFromSalesOrRevenuesFromServices contextRef="fromto_20170101_20171231" unitRef="THB" decimals="2">36197369.58</tfrs-npae:RevenuesFromSalesOrRevenuesFromServices>
<tfrs-npae:RevenuesFromSalesOrRevenuesFromServices contextRef="fromto_20160101_20161231" unitRef="THB" decimals="2">35164125.04</tfrs-npae:RevenuesFromSalesOrRevenuesFromServices>
<tfrs-npae:OtherIncomes contextRef="fromto_20170101_20171231" unitRef="THB" decimals="2">690163.52</tfrs-npae:OtherIncomes>
<tfrs-npae:OtherIncomes contextRef="fromto_20160101_20161231" unitRef="THB" decimals="2">1144071.22</tfrs-npae:OtherIncomes>
<tfrs-npae:Revenue contextRef="fromto_20170101_20171231" unitRef="THB" decimals="1">36887533.1</tfrs-npae:Revenue>
<tfrs-npae:Revenue contextRef="fromto_20160101_20161231" unitRef="THB" decimals="2">36308196.26</tfrs-npae:Revenue>
<tfrs-npae:CostsOfSaleOfGoodsAndRenderingOfServices contextRef="fromto_20170101_20171231" unitRef="THB" decimals="2">27484981.93</tfrs-npae:CostsOfSaleOfGoodsAndRenderingOfServices>
<tfrs-npae:CostsOfSaleOfGoodsAndRenderingOfServices contextRef="fromto_20160101_20161231" unitRef="THB" decimals="2">26142293.66</tfrs-npae:CostsOfSaleOfGoodsAndRenderingOfServices>
<tfrs-npae:SellingExpense contextRef="fromto_20170101_20171231" unitRef="THB" decimals="2">567659.77</tfrs-npae:SellingExpense>
<tfrs-npae:SellingExpense contextRef="fromto_20160101_20161231" unitRef="THB" decimals="2">698146.97</tfrs-npae:SellingExpense>
<tfrs-npae:AdministrativeExpense contextRef="fromto_20170101_20171231" unitRef="THB" decimals="2">9182300.18</tfrs-npae:AdministrativeExpense>
<tfrs-npae:AdministrativeExpense contextRef="fromto_20160101_20161231" unitRef="THB" decimals="2">12974623.15</tfrs-npae:AdministrativeExpense>
<tfrs-npae:Expenses contextRef="fromto_20170101_20171231" unitRef="THB" decimals="2">37234941.88</tfrs-npae:Expenses>
<tfrs-npae:Expenses contextRef="fromto_20160101_20161231" unitRef="THB" decimals="2">39815063.78</tfrs-npae:Expenses>
<tfrs-npae:ProfitLossBeforeFinanceCostsAndIncomeTaxExpense contextRef="fromto_20170101_20171231" unitRef="THB" decimals="2">-347408.78</tfrs-npae:ProfitLossBeforeFinanceCostsAndIncomeTaxExpense>
<tfrs-npae:ProfitLossBeforeFinanceCostsAndIncomeTaxExpense contextRef="fromto_20160101_20161231" unitRef="THB" decimals="2">-3506867.52</tfrs-npae:ProfitLossBeforeFinanceCostsAndIncomeTaxExpense>
<tfrs-npae:FinanceCosts contextRef="fromto_20170101_20171231" unitRef="THB" decimals="2">66755.47</tfrs-npae:FinanceCosts>
<tfrs-npae:FinanceCosts contextRef="fromto_20160101_20161231" unitRef="THB" decimals="2">104584.07</tfrs-npae:FinanceCosts>
<tfrs-npae:ProfitLossBeforeIncomeTaxExpense contextRef="fromto_20170101_20171231" unitRef="THB" decimals="2">-414164.25</tfrs-npae:ProfitLossBeforeIncomeTaxExpense>
<tfrs-npae:ProfitLossBeforeIncomeTaxExpense contextRef="fromto_20160101_20161231" unitRef="THB" decimals="2">-3611451.59</tfrs-npae:ProfitLossBeforeIncomeTaxExpense>
<tfrs-npae:ProfitLoss contextRef="fromto_20170101_20171231" unitRef="THB" decimals="2">-414164.25</tfrs-npae:ProfitLoss>
<tfrs-npae:ProfitLoss contextRef="fromto_20160101_20161231" unitRef="THB" decimals="2">-3611451.59</tfrs-npae:ProfitLoss>
<tfrs-npae:Equity contextRef="asof_20161231_IssuedAndPaidUpShareCapitalMember" unitRef="THB" decimals="0">6000000</tfrs-npae:Equity>
<tfrs-npae:Equity contextRef="asof_20161231_RetainedEarningsMember" unitRef="THB" decimals="2">-18269023.84</tfrs-npae:Equity>
<tfrs-npae:Equity contextRef="asof_20151231_IssuedAndPaidUpShareCapitalMember" unitRef="THB" decimals="0">6000000</tfrs-npae:Equity>
<tfrs-npae:Equity contextRef="asof_20151231_RetainedEarningsMember" unitRef="THB" decimals="2">-15949572.25</tfrs-npae:Equity>
<tfrs-npae:Equity contextRef="asof_20151231" unitRef="THB" decimals="2">-9949572.25</tfrs-npae:Equity>
<tfrs-npae:FinancialEffectsOfChangesInAccountingPolicies contextRef="fromto_20170101_20171231_RetainedEarningsMember" unitRef="THB" decimals="2">4120911.74</tfrs-npae:FinancialEffectsOfChangesInAccountingPolicies>
<tfrs-npae:FinancialEffectsOfChangesInAccountingPolicies contextRef="fromto_20170101_20171231" unitRef="THB" decimals="2">4120911.74</tfrs-npae:FinancialEffectsOfChangesInAccountingPolicies>
<tfrs-npae:FinancialEffectsOfChangesInAccountingPolicies contextRef="fromto_20160101_20161231_RetainedEarningsMember" unitRef="THB" decimals="0">1292000</tfrs-npae:FinancialEffectsOfChangesInAccountingPolicies>
<tfrs-npae:FinancialEffectsOfChangesInAccountingPolicies contextRef="fromto_20160101_20161231" unitRef="THB" decimals="0">1292000</tfrs-npae:FinancialEffectsOfChangesInAccountingPolicies>
<tfrs-npae:EquityRestated contextRef="asof_20171231_IssuedAndPaidUpShareCapitalMember" unitRef="THB" decimals="0">6000000</tfrs-npae:EquityRestated>
<tfrs-npae:EquityRestated contextRef="asof_20171231_RetainedEarningsMember" unitRef="THB" decimals="1">-14148112.1</tfrs-npae:EquityRestated>
<tfrs-npae:EquityRestated contextRef="asof_20171231" unitRef="THB" decimals="1">-8148112.1</tfrs-npae:EquityRestated>
<tfrs-npae:EquityRestated contextRef="asof_20161231_IssuedAndPaidUpShareCapitalMember" unitRef="THB" decimals="0">6000000</tfrs-npae:EquityRestated>
<tfrs-npae:EquityRestated contextRef="asof_20161231_RetainedEarningsMember" unitRef="THB" decimals="2">-14657572.25</tfrs-npae:EquityRestated>
<tfrs-npae:EquityRestated contextRef="asof_20161231" unitRef="THB" decimals="2">-8657572.25</tfrs-npae:EquityRestated>
<tfrs-npae:ProfitLoss contextRef="fromto_20170101_20171231_RetainedEarningsMember" unitRef="THB" decimals="2">-414164.25</tfrs-npae:ProfitLoss>
<tfrs-npae:ProfitLoss contextRef="fromto_20160101_20161231_RetainedEarningsMember" unitRef="THB" decimals="2">-3611451.59</tfrs-npae:ProfitLoss>
<tfrs-npae:ChangesInEquity contextRef="fromto_20170101_20171231_RetainedEarningsMember" unitRef="THB" decimals="2">-414164.25</tfrs-npae:ChangesInEquity>
<tfrs-npae:ChangesInEquity contextRef="fromto_20170101_20171231" unitRef="THB" decimals="2">-414164.25</tfrs-npae:ChangesInEquity>
<tfrs-npae:ChangesInEquity contextRef="fromto_20160101_20161231_RetainedEarningsMember" unitRef="THB" decimals="2">-3611451.59</tfrs-npae:ChangesInEquity>
<tfrs-npae:ChangesInEquity contextRef="fromto_20160101_20161231" unitRef="THB" decimals="2">-3611451.59</tfrs-npae:ChangesInEquity>
<tfrs-npae:Equity contextRef="asof_20171231_IssuedAndPaidUpShareCapitalMember" unitRef="THB" decimals="0">6000000</tfrs-npae:Equity>
<tfrs-npae:Equity contextRef="asof_20171231_RetainedEarningsMember" unitRef="THB" decimals="2">-14562276.35</tfrs-npae:Equity>


</xbrli:xbrl>