﻿<?xml version="1.0" encoding="utf-8"?>
<!--  Definition Linkbase Generated by IRIS iFile Tool  -->
<linkbase xmlns:xsi="http://www.w3.org/2001/XMLSchema-instance" xsi:schemaLocation="http://www.xbrl.org/2003/linkbase http://www.xbrl.org/2003/xbrl-linkbase-2003-12-31.xsd" xmlns="http://www.xbrl.org/2003/linkbase" xmlns:xlink="http://www.w3.org/1999/xlink" xmlns:xbrli="http://www.xbrl.org/2003/instance" xmlns:xbrldt="http://xbrl.org/2005/xbrldt">
  <roleRef roleURI="http://www.cmp.com/cmp-2018-06-06/role/rol-dbd_FilingInformation" xlink:type="simple" xlink:href="cmp_2017-12-31.xsd#rol-dbd_FilingInformation" />
  <roleRef roleURI="http://www.cmp.com/cmp-2018-06-06/role/rol-dbd_StatementOfChangesInEquity" xlink:type="simple" xlink:href="cmp_2017-12-31.xsd#rol-dbd_StatementOfChangesInEquity" />
  <roleRef roleURI="http://www.cmp.com/cmp-2018-06-06/role/AxisDefaults" xlink:type="simple" xlink:href="cmp_2017-12-31.xsd#AxisDefaults" />
  <arcroleRef arcroleURI="http://xbrl.org/int/dim/arcrole/all" xlink:type="simple" xlink:href="http://www.xbrl.org/2005/xbrldt-2005.xsd#all" />
  <arcroleRef arcroleURI="http://xbrl.org/int/dim/arcrole/dimension-default" xlink:type="simple" xlink:href="http://www.xbrl.org/2005/xbrldt-2005.xsd#dimension-default" />
  <arcroleRef arcroleURI="http://xbrl.org/int/dim/arcrole/dimension-domain" xlink:type="simple" xlink:href="http://www.xbrl.org/2005/xbrldt-2005.xsd#dimension-domain" />
  <arcroleRef arcroleURI="http://xbrl.org/int/dim/arcrole/domain-member" xlink:type="simple" xlink:href="http://www.xbrl.org/2005/xbrldt-2005.xsd#domain-member" />
  <arcroleRef arcroleURI="http://xbrl.org/int/dim/arcrole/hypercube-dimension" xlink:type="simple" xlink:href="http://www.xbrl.org/2005/xbrldt-2005.xsd#hypercube-dimension" />
  <definitionLink xlink:type="extended" xlink:role="http://www.cmp.com/cmp-2018-06-06/role/rol-dbd_FilingInformation">
    <loc xlink:type="locator" xlink:href="elts/elts_dbd/dbd-cor_2015-01-01.xsd#dbd_DetailsOfBusinessesOfReportingEntityAbstract" xlink:label="DetailsOfBusinessesOfReportingEntityAbstract" />
    <loc xlink:type="locator" xlink:href="elts/elts_dbd/dbd-cor_2015-01-01.xsd#dbd_DetailsOfBusinessesOfReportingEntityTable" xlink:label="DetailsOfBusinessesOfReportingEntityTable" />
    <loc xlink:type="locator" xlink:href="elts/elts_dbd/dbd-cor_2015-01-01.xsd#dbd_FilingInformationAbstract" xlink:label="FilingInformationAbstract" />
    <loc xlink:type="locator" xlink:href="elts/elts_dbd/dbd-cor_2015-01-01.xsd#dbd_DetailsOfBusinessesOfReportingEntityAbstract" xlink:label="DetailsOfBusinessesOfReportingEntityAbstract_terseLabel" />
    <loc xlink:type="locator" xlink:href="elts/elts_dbd/dbd-cor_2015-01-01.xsd#dbd_BusinessInformationLineItems" xlink:label="BusinessInformationLineItems_terseLabel" />
    <loc xlink:type="locator" xlink:href="elts/elts_dbd/dbd-cor_2015-01-01.xsd#dbd_DescriptionOfProductOrService" xlink:label="DescriptionOfProductOrService" />
    <loc xlink:type="locator" xlink:href="elts/elts_dbd/dbd-cor_2015-01-01.xsd#dbd_PercentageOfRevenueToTotalRevenue" xlink:label="PercentageOfRevenueToTotalRevenue" />
    <loc xlink:type="locator" xlink:href="elts/elts_dbd/dbd-cor_2015-01-01.xsd#dbd_BusinessCode" xlink:label="BusinessCode" />
    <loc xlink:type="locator" xlink:href="elts/elts_dbd/dbd-cor_2015-01-01.xsd#dbd_TypesOfBusinessIDAxis" xlink:label="TypesOfBusinessIDAxis" />
    <loc xlink:type="locator" xlink:href="elts/elts_dbd/dbd-cor_2015-01-01.xsd#dbd_TypeOfBusinessMember" xlink:label="TypeOfBusinessMember" />
    <loc xlink:type="locator" xlink:href="elts/elts_dbd/dbd-cor_2015-01-01.xsd#dbd_BusinessType1Member" xlink:label="BusinessType1Member" />
    <loc xlink:type="locator" xlink:href="elts/elts_dbd/dbd-cor_2015-01-01.xsd#dbd_BusinessType2Member" xlink:label="BusinessType2Member" />
    <definitionArc xlink:type="arc" xlink:arcrole="http://xbrl.org/int/dim/arcrole/all" xlink:from="DetailsOfBusinessesOfReportingEntityAbstract" xlink:to="DetailsOfBusinessesOfReportingEntityTable" use="optional" order="1" xbrldt:closed="true" xbrldt:contextElement="scenario" />
    <definitionArc xlink:type="arc" xlink:arcrole="http://xbrl.org/int/dim/arcrole/domain-member" xlink:from="FilingInformationAbstract" xlink:to="DetailsOfBusinessesOfReportingEntityAbstract_terseLabel" use="optional" order="1" />
    <definitionArc xlink:type="arc" xlink:arcrole="http://xbrl.org/int/dim/arcrole/domain-member" xlink:from="DetailsOfBusinessesOfReportingEntityAbstract_terseLabel" xlink:to="BusinessInformationLineItems_terseLabel" use="optional" order="1" />
    <definitionArc xlink:type="arc" xlink:arcrole="http://xbrl.org/int/dim/arcrole/domain-member" xlink:from="BusinessInformationLineItems_terseLabel" xlink:to="DescriptionOfProductOrService" use="optional" order="2" />
    <definitionArc xlink:type="arc" xlink:arcrole="http://xbrl.org/int/dim/arcrole/domain-member" xlink:from="BusinessInformationLineItems_terseLabel" xlink:to="PercentageOfRevenueToTotalRevenue" use="optional" order="3" />
    <definitionArc xlink:type="arc" xlink:arcrole="http://xbrl.org/int/dim/arcrole/domain-member" xlink:from="BusinessInformationLineItems_terseLabel" xlink:to="BusinessCode" use="optional" order="4" />
    <definitionArc xlink:type="arc" xlink:arcrole="http://xbrl.org/int/dim/arcrole/hypercube-dimension" xlink:from="DetailsOfBusinessesOfReportingEntityTable" xlink:to="TypesOfBusinessIDAxis" use="optional" order="1" />
    <definitionArc xlink:type="arc" xlink:arcrole="http://xbrl.org/int/dim/arcrole/dimension-domain" xlink:from="TypesOfBusinessIDAxis" xlink:to="TypeOfBusinessMember" use="optional" order="1" />
    <definitionArc xlink:type="arc" xlink:arcrole="http://xbrl.org/int/dim/arcrole/domain-member" xlink:from="TypeOfBusinessMember" xlink:to="BusinessType1Member" use="optional" order="1" />
    <definitionArc xlink:type="arc" xlink:arcrole="http://xbrl.org/int/dim/arcrole/domain-member" xlink:from="TypeOfBusinessMember" xlink:to="BusinessType2Member" use="optional" order="2" />
  </definitionLink>
  <definitionLink xlink:type="extended" xlink:role="http://www.cmp.com/cmp-2018-06-06/role/rol-dbd_StatementOfChangesInEquity">
    <loc xlink:type="locator" xlink:href="elts/elts_tfrs/tfrs-npae/tfrs-npae-cor_2015-01-01.xsd#tfrs-npae_StatementOfChangesInEquityAbstract" xlink:label="StatementOfChangesInEquityAbstract" />
    <loc xlink:type="locator" xlink:href="elts/elts_tfrs/tfrs-npae/tfrs-npae-cor_2015-01-01.xsd#tfrs-npae_StatementOfChangesInEquityTable" xlink:label="StatementOfChangesInEquityTable" />
    <loc xlink:type="locator" xlink:href="elts/elts_tfrs/tfrs-npae/tfrs-npae-cor_2015-01-01.xsd#tfrs-npae_StatementOfChangesInEquityLineItems" xlink:label="StatementOfChangesInEquityLineItems_PresentationLabel" />
    <loc xlink:type="locator" xlink:href="elts/elts_tfrs/tfrs-npae/tfrs-npae-cor_2015-01-01.xsd#tfrs-npae_Equity" xlink:label="Equity_periodStartLabel" />
    <loc xlink:type="locator" xlink:href="elts/elts_tfrs/tfrs-npae/tfrs-npae-cor_2015-01-01.xsd#tfrs-npae_FinancialEffectsOfChangesInAccountingPolicies" xlink:label="FinancialEffectsOfChangesInAccountingPolicies" />
    <loc xlink:type="locator" xlink:href="elts/elts_tfrs/tfrs-npae/tfrs-npae-cor_2015-01-01.xsd#tfrs-npae_FinancialEffectsOfCorrectionsOfAccountingErrors" xlink:label="FinancialEffectsOfCorrectionsOfAccountingErrors" />
    <loc xlink:type="locator" xlink:href="elts/elts_tfrs/tfrs-npae/tfrs-npae-cor_2015-01-01.xsd#tfrs-npae_EquityRestated" xlink:label="EquityRestated_PresentationLabel" />
    <loc xlink:type="locator" xlink:href="elts/elts_tfrs/tfrs-npae/tfrs-npae-cor_2015-01-01.xsd#tfrs-npae_ChangesInEquityAbstract" xlink:label="ChangesInEquityAbstract_PresentationLabel" />
    <loc xlink:type="locator" xlink:href="elts/elts_tfrs/tfrs-npae/tfrs-npae-cor_2015-01-01.xsd#tfrs-npae_IncreaseDecreaseInIssuedAndPaidUpShareCapitalOrdinaryShares" xlink:label="IncreaseDecreaseInIssuedAndPaidUpShareCapitalOrdinaryShares_PresentationLabel" />
    <loc xlink:type="locator" xlink:href="elts/elts_tfrs/tfrs-npae/tfrs-npae-cor_2015-01-01.xsd#tfrs-npae_IncreaseDecreaseInIssuedAndPaidUpShareCapitalPreferenceShares" xlink:label="IncreaseDecreaseInIssuedAndPaidUpShareCapitalPreferenceShares_PresentationLabel" />
    <loc xlink:type="locator" xlink:href="elts/elts_tfrs/tfrs-npae/tfrs-npae-cor_2015-01-01.xsd#tfrs-npae_ProfitLoss" xlink:label="ProfitLoss_netLabel" />
    <loc xlink:type="locator" xlink:href="elts/elts_tfrs/tfrs-npae/tfrs-npae-cor_2015-01-01.xsd#tfrs-npae_Dividends" xlink:label="Dividends_negatedLabel" />
    <loc xlink:type="locator" xlink:href="elts/elts_tfrs/tfrs-npae/tfrs-npae-cor_2015-01-01.xsd#tfrs-npae_OtherComponentsOfEquityAbstract" xlink:label="OtherComponentsOfEquityAbstract_PresentationLabel" />
    <loc xlink:type="locator" xlink:href="elts/elts_tfrs/tfrs-npae/tfrs-npae-cor_2015-01-01.xsd#tfrs-npae_ExchangeDifferenceOnTranslatingFinancialStatements" xlink:label="ExchangeDifferenceOnTranslatingFinancialStatements" />
    <loc xlink:type="locator" xlink:href="elts/elts_tfrs/tfrs-npae/tfrs-npae-cor_2015-01-01.xsd#tfrs-npae_GainsLossesOnRemeasuringInvestmentsHeldAsAvailableForSale" xlink:label="GainsLossesOnRemeasuringInvestmentsHeldAsAvailableForSale_PresentationLabel" />
    <loc xlink:type="locator" xlink:href="elts/elts_tfrs/tfrs-npae/tfrs-npae-cor_2015-01-01.xsd#tfrs-npae_OtherUnrealizedGainsLosses" xlink:label="OtherUnrealizedGainsLosses" />
    <loc xlink:type="locator" xlink:href="elts/elts_tfrs/tfrs-npae/tfrs-npae-cor_2015-01-01.xsd#tfrs-npae_OtherComponentsOfEquityOthers" xlink:label="OtherComponentsOfEquityOthers_PresentationLabel" />
    <loc xlink:type="locator" xlink:href="elts/elts_tfrs/tfrs-npae/tfrs-npae-cor_2015-01-01.xsd#tfrs-npae_ChangesInEquity" xlink:label="ChangesInEquity_PresentationTotalLabel" />
    <loc xlink:type="locator" xlink:href="elts/elts_tfrs/tfrs-npae/tfrs-npae-cor_2015-01-01.xsd#tfrs-npae_Equity" xlink:label="Equity_periodEndLabel" />
    <loc xlink:type="locator" xlink:href="elts/elts_tfrs/tfrs-npae/tfrs-npae-cor_2015-01-01.xsd#tfrs-npae_ComponentsOfEquityAxis" xlink:label="ComponentsOfEquityAxis" />
    <loc xlink:type="locator" xlink:href="elts/elts_tfrs/tfrs-npae/tfrs-npae-cor_2015-01-01.xsd#tfrs-npae_EquityMember" xlink:label="EquityMember" />
    <loc xlink:type="locator" xlink:href="elts/elts_tfrs/tfrs-npae/tfrs-npae-cor_2015-01-01.xsd#tfrs-npae_IssuedAndPaidUpShareCapitalMember" xlink:label="IssuedAndPaidUpShareCapitalMember" />
    <loc xlink:type="locator" xlink:href="elts/elts_tfrs/tfrs-npae/tfrs-npae-cor_2015-01-01.xsd#tfrs-npae_SharePremiumAccountDiscountOnIssueOfShareMember" xlink:label="SharePremiumAccountDiscountOnIssueOfShareMember" />
    <loc xlink:type="locator" xlink:href="elts/elts_tfrs/tfrs-npae/tfrs-npae-cor_2015-01-01.xsd#tfrs-npae_RetainedEarningsMember" xlink:label="RetainedEarningsMember" />
    <loc xlink:type="locator" xlink:href="elts/elts_tfrs/tfrs-npae/tfrs-npae-cor_2015-01-01.xsd#tfrs-npae_OtherComponentsOfEquityMember" xlink:label="OtherComponentsOfEquityMember" />
    <definitionArc xlink:type="arc" xlink:arcrole="http://xbrl.org/int/dim/arcrole/all" xlink:from="StatementOfChangesInEquityAbstract" xlink:to="StatementOfChangesInEquityTable" use="optional" order="1" xbrldt:closed="true" xbrldt:contextElement="scenario" />
    <definitionArc xlink:type="arc" xlink:arcrole="http://xbrl.org/int/dim/arcrole/domain-member" xlink:from="StatementOfChangesInEquityAbstract" xlink:to="StatementOfChangesInEquityLineItems_PresentationLabel" use="optional" order="1" />
    <definitionArc xlink:type="arc" xlink:arcrole="http://xbrl.org/int/dim/arcrole/domain-member" xlink:from="StatementOfChangesInEquityLineItems_PresentationLabel" xlink:to="Equity_periodStartLabel" use="optional" order="2" />
    <definitionArc xlink:type="arc" xlink:arcrole="http://xbrl.org/int/dim/arcrole/domain-member" xlink:from="StatementOfChangesInEquityLineItems_PresentationLabel" xlink:to="FinancialEffectsOfChangesInAccountingPolicies" use="optional" order="3" />
    <definitionArc xlink:type="arc" xlink:arcrole="http://xbrl.org/int/dim/arcrole/domain-member" xlink:from="StatementOfChangesInEquityLineItems_PresentationLabel" xlink:to="FinancialEffectsOfCorrectionsOfAccountingErrors" use="optional" order="4" />
    <definitionArc xlink:type="arc" xlink:arcrole="http://xbrl.org/int/dim/arcrole/domain-member" xlink:from="StatementOfChangesInEquityLineItems_PresentationLabel" xlink:to="EquityRestated_PresentationLabel" use="optional" order="5" />
    <definitionArc xlink:type="arc" xlink:arcrole="http://xbrl.org/int/dim/arcrole/domain-member" xlink:from="StatementOfChangesInEquityLineItems_PresentationLabel" xlink:to="ChangesInEquityAbstract_PresentationLabel" use="optional" order="6" />
    <definitionArc xlink:type="arc" xlink:arcrole="http://xbrl.org/int/dim/arcrole/domain-member" xlink:from="ChangesInEquityAbstract_PresentationLabel" xlink:to="IncreaseDecreaseInIssuedAndPaidUpShareCapitalOrdinaryShares_PresentationLabel" use="optional" order="1" />
    <definitionArc xlink:type="arc" xlink:arcrole="http://xbrl.org/int/dim/arcrole/domain-member" xlink:from="ChangesInEquityAbstract_PresentationLabel" xlink:to="IncreaseDecreaseInIssuedAndPaidUpShareCapitalPreferenceShares_PresentationLabel" use="optional" order="2" />
    <definitionArc xlink:type="arc" xlink:arcrole="http://xbrl.org/int/dim/arcrole/domain-member" xlink:from="ChangesInEquityAbstract_PresentationLabel" xlink:to="ProfitLoss_netLabel" use="optional" order="3" />
    <definitionArc xlink:type="arc" xlink:arcrole="http://xbrl.org/int/dim/arcrole/domain-member" xlink:from="ChangesInEquityAbstract_PresentationLabel" xlink:to="Dividends_negatedLabel" use="optional" order="4" />
    <definitionArc xlink:type="arc" xlink:arcrole="http://xbrl.org/int/dim/arcrole/domain-member" xlink:from="ChangesInEquityAbstract_PresentationLabel" xlink:to="OtherComponentsOfEquityAbstract_PresentationLabel" use="optional" order="5" />
    <definitionArc xlink:type="arc" xlink:arcrole="http://xbrl.org/int/dim/arcrole/domain-member" xlink:from="OtherComponentsOfEquityAbstract_PresentationLabel" xlink:to="ExchangeDifferenceOnTranslatingFinancialStatements" use="optional" order="1" />
    <definitionArc xlink:type="arc" xlink:arcrole="http://xbrl.org/int/dim/arcrole/domain-member" xlink:from="OtherComponentsOfEquityAbstract_PresentationLabel" xlink:to="GainsLossesOnRemeasuringInvestmentsHeldAsAvailableForSale_PresentationLabel" use="optional" order="2" />
    <definitionArc xlink:type="arc" xlink:arcrole="http://xbrl.org/int/dim/arcrole/domain-member" xlink:from="OtherComponentsOfEquityAbstract_PresentationLabel" xlink:to="OtherUnrealizedGainsLosses" use="optional" order="3" />
    <definitionArc xlink:type="arc" xlink:arcrole="http://xbrl.org/int/dim/arcrole/domain-member" xlink:from="OtherComponentsOfEquityAbstract_PresentationLabel" xlink:to="OtherComponentsOfEquityOthers_PresentationLabel" use="optional" order="4" />
    <definitionArc xlink:type="arc" xlink:arcrole="http://xbrl.org/int/dim/arcrole/domain-member" xlink:from="ChangesInEquityAbstract_PresentationLabel" xlink:to="ChangesInEquity_PresentationTotalLabel" use="optional" order="6" />
    <definitionArc xlink:type="arc" xlink:arcrole="http://xbrl.org/int/dim/arcrole/domain-member" xlink:from="StatementOfChangesInEquityLineItems_PresentationLabel" xlink:to="Equity_periodEndLabel" use="optional" order="7" />
    <definitionArc xlink:type="arc" xlink:arcrole="http://xbrl.org/int/dim/arcrole/hypercube-dimension" xlink:from="StatementOfChangesInEquityTable" xlink:to="ComponentsOfEquityAxis" use="optional" order="1" />
    <definitionArc xlink:type="arc" xlink:arcrole="http://xbrl.org/int/dim/arcrole/dimension-domain" xlink:from="ComponentsOfEquityAxis" xlink:to="EquityMember" use="optional" order="1" />
    <definitionArc xlink:type="arc" xlink:arcrole="http://xbrl.org/int/dim/arcrole/domain-member" xlink:from="EquityMember" xlink:to="IssuedAndPaidUpShareCapitalMember" use="optional" order="1" />
    <definitionArc xlink:type="arc" xlink:arcrole="http://xbrl.org/int/dim/arcrole/domain-member" xlink:from="EquityMember" xlink:to="SharePremiumAccountDiscountOnIssueOfShareMember" use="optional" order="2" />
    <definitionArc xlink:type="arc" xlink:arcrole="http://xbrl.org/int/dim/arcrole/domain-member" xlink:from="EquityMember" xlink:to="RetainedEarningsMember" use="optional" order="3" />
    <definitionArc xlink:type="arc" xlink:arcrole="http://xbrl.org/int/dim/arcrole/domain-member" xlink:from="EquityMember" xlink:to="OtherComponentsOfEquityMember" use="optional" order="4" />
  </definitionLink>
  <definitionLink xlink:type="extended" xlink:role="http://www.cmp.com/cmp-2018-06-06/role/AxisDefaults">
    <loc xlink:type="locator" xlink:href="elts/elts_dbd/dbd-cor_2015-01-01.xsd#dbd_TypesOfBusinessIDAxis" xlink:label="TypesOfBusinessIDAxis" />
    <loc xlink:type="locator" xlink:href="elts/elts_dbd/dbd-cor_2015-01-01.xsd#dbd_TypeOfBusinessMember" xlink:label="TypeOfBusinessMember" />
    <loc xlink:type="locator" xlink:href="elts/elts_tfrs/tfrs-npae/tfrs-npae-cor_2015-01-01.xsd#tfrs-npae_ComponentsOfEquityAxis" xlink:label="ComponentsOfEquityAxis" />
    <loc xlink:type="locator" xlink:href="elts/elts_tfrs/tfrs-npae/tfrs-npae-cor_2015-01-01.xsd#tfrs-npae_EquityMember" xlink:label="EquityMember" />
    <definitionArc xlink:type="arc" xlink:arcrole="http://xbrl.org/int/dim/arcrole/dimension-default" xlink:from="TypesOfBusinessIDAxis" xlink:to="TypeOfBusinessMember" use="optional" order="0" />
    <definitionArc xlink:type="arc" xlink:arcrole="http://xbrl.org/int/dim/arcrole/dimension-default" xlink:from="ComponentsOfEquityAxis" xlink:to="EquityMember" use="optional" order="0" />
  </definitionLink>
</linkbase>