<?xml version="1.0" encoding="UTF-8"?>
<!--Generated by IRIS i-Deate-->
<!--Copyright © Department Of Business Development. All rights reserved.-->
<link:linkbase xmlns:xsi="http://www.w3.org/2001/XMLSchema-instance" xsi:schemaLocation="http://www.xbrl.org/2003/linkbase http://www.xbrl.org/2003/xbrl-linkbase-2003-12-31.xsd" xmlns:link="http://www.xbrl.org/2003/linkbase" xmlns:xbrldt="http://xbrl.org/2005/xbrldt" xmlns:xbrli="http://www.xbrl.org/2003/instance" xmlns:xlink="http://www.w3.org/1999/xlink">
  <link:roleRef roleURI="http://www.dbd.go.th/xbrl/taxonomy/2015-01-01/rol-dbd/rol-dbd_StatementOfChangesInEquity" xlink:type="simple" xlink:href="rol_dbd_2015-01-01.xsd#rol-dbd_StatementOfChangesInEquity"/>
  <link:roleRef roleURI="http://www.dbd.go.th/xbrl/taxonomy/2015-01-01/rol-dbd/rol-dbd_AxisDefaults" xlink:type="simple" xlink:href="rol_dbd_2015-01-01.xsd#rol-dbd_AxisDefaults"/>
  <link:arcroleRef arcroleURI="http://xbrl.org/int/dim/arcrole/all" xlink:type="simple" xlink:href="http://www.xbrl.org/2005/xbrldt-2005.xsd#all"/>
  <link:arcroleRef arcroleURI="http://xbrl.org/int/dim/arcrole/dimension-default" xlink:type="simple" xlink:href="http://www.xbrl.org/2005/xbrldt-2005.xsd#dimension-default"/>
  <link:arcroleRef arcroleURI="http://xbrl.org/int/dim/arcrole/dimension-domain" xlink:type="simple" xlink:href="http://www.xbrl.org/2005/xbrldt-2005.xsd#dimension-domain"/>
  <link:arcroleRef arcroleURI="http://xbrl.org/int/dim/arcrole/domain-member" xlink:type="simple" xlink:href="http://www.xbrl.org/2005/xbrldt-2005.xsd#domain-member"/>
  <link:arcroleRef arcroleURI="http://xbrl.org/int/dim/arcrole/hypercube-dimension" xlink:type="simple" xlink:href="http://www.xbrl.org/2005/xbrldt-2005.xsd#hypercube-dimension"/>
  <link:definitionLink xlink:type="extended" xlink:role="http://www.dbd.go.th/xbrl/taxonomy/2015-01-01/rol-dbd/rol-dbd_StatementOfChangesInEquity">
    <link:loc xlink:type="locator" xlink:href="elts/elts_tfrs/tfrs-npae/tfrs-npae-cor_2015-01-01.xsd#tfrs-npae_StatementOfChangesInEquityAbstract" xlink:label="StatementOfChangesInEquityAbstract" xlink:title="StatementOfChangesInEquityAbstract"/>
    <link:loc xlink:type="locator" xlink:href="elts/elts_tfrs/tfrs-npae/tfrs-npae-cor_2015-01-01.xsd#tfrs-npae_StatementOfChangesInEquityTable" xlink:label="StatementOfChangesInEquityTable" xlink:title="StatementOfChangesInEquityTable"/>
    <link:definitionArc xlink:type="arc" xlink:arcrole="http://xbrl.org/int/dim/arcrole/all" xlink:from="StatementOfChangesInEquityAbstract" xlink:to="StatementOfChangesInEquityTable" xlink:title="definition: StatementOfChangesInEquityAbstract to StatementOfChangesInEquityTable" order="1.0" xbrldt:contextElement="scenario"/>
    <link:loc xlink:type="locator" xlink:href="elts/elts_tfrs/tfrs-npae/tfrs-npae-cor_2015-01-01.xsd#tfrs-npae_ComponentsOfEquityAxis" xlink:label="ComponentsOfEquityAxis" xlink:title="ComponentsOfEquityAxis"/>
    <link:definitionArc xlink:type="arc" xlink:arcrole="http://xbrl.org/int/dim/arcrole/hypercube-dimension" xlink:from="StatementOfChangesInEquityTable" xlink:to="ComponentsOfEquityAxis" xlink:title="definition: StatementOfChangesInEquityTable to ComponentsOfEquityAxis" order="1.0"/>
    <link:loc xlink:type="locator" xlink:href="elts/elts_tfrs/tfrs-npae/tfrs-npae-cor_2015-01-01.xsd#tfrs-npae_EquityMember" xlink:label="EquityMember" xlink:title="EquityMember"/>
    <link:definitionArc xlink:type="arc" xlink:arcrole="http://xbrl.org/int/dim/arcrole/dimension-domain" xlink:from="ComponentsOfEquityAxis" xlink:to="EquityMember" xlink:title="definition: ComponentsOfEquityAxis to EquityMember" order="1.0"/>
    <link:loc xlink:type="locator" xlink:href="elts/elts_tfrs/tfrs-npae/tfrs-npae-cor_2015-01-01.xsd#tfrs-npae_IssuedAndPaidUpShareCapitalMember" xlink:label="IssuedAndPaidUpShareCapitalMember" xlink:title="IssuedAndPaidUpShareCapitalMember"/>
    <link:definitionArc xlink:type="arc" xlink:arcrole="http://xbrl.org/int/dim/arcrole/domain-member" xlink:from="EquityMember" xlink:to="IssuedAndPaidUpShareCapitalMember" xlink:title="definition: EquityMember to IssuedAndPaidUpShareCapitalMember" order="1.0"/>
    <link:loc xlink:type="locator" xlink:href="elts/elts_tfrs/tfrs-npae/tfrs-npae-cor_2015-01-01.xsd#tfrs-npae_SharePremiumAccountDiscountOnIssueOfShareMember" xlink:label="SharePremiumAccountDiscountOnIssueOfShareMember" xlink:title="SharePremiumAccountDiscountOnIssueOfShareMember"/>
    <link:definitionArc xlink:type="arc" xlink:arcrole="http://xbrl.org/int/dim/arcrole/domain-member" xlink:from="EquityMember" xlink:to="SharePremiumAccountDiscountOnIssueOfShareMember" xlink:title="definition: EquityMember to SharePremiumAccountDiscountOnIssueOfShareMember" order="2.0"/>
    <link:loc xlink:type="locator" xlink:href="elts/elts_tfrs/tfrs-npae/tfrs-npae-cor_2015-01-01.xsd#tfrs-npae_RetainedEarningsMember" xlink:label="RetainedEarningsMember" xlink:title="RetainedEarningsMember"/>
    <link:definitionArc xlink:type="arc" xlink:arcrole="http://xbrl.org/int/dim/arcrole/domain-member" xlink:from="EquityMember" xlink:to="RetainedEarningsMember" xlink:title="definition: EquityMember to RetainedEarningsMember" order="3.0"/>
    <link:loc xlink:type="locator" xlink:href="elts/elts_tfrs/tfrs-npae/tfrs-npae-cor_2015-01-01.xsd#tfrs-npae_OtherComponentsOfEquityMember" xlink:label="OtherComponentsOfEquityMember" xlink:title="OtherComponentsOfEquityMember"/>
    <link:definitionArc xlink:type="arc" xlink:arcrole="http://xbrl.org/int/dim/arcrole/domain-member" xlink:from="EquityMember" xlink:to="OtherComponentsOfEquityMember" xlink:title="definition: EquityMember to OtherComponentsOfEquityMember" order="4.0"/>
    <link:loc xlink:type="locator" xlink:href="elts/elts_dbd/dbd-cor_2015-01-01.xsd#dbd_RetrospectiveApplicationAndRetrospectiveRestatementAxis" xlink:label="RetrospectiveApplicationAndRetrospectiveRestatementAxis" xlink:title="RetrospectiveApplicationAndRetrospectiveRestatementAxis"/>
    <link:definitionArc xlink:type="arc" xlink:arcrole="http://xbrl.org/int/dim/arcrole/hypercube-dimension" xlink:from="StatementOfChangesInEquityTable" xlink:to="RetrospectiveApplicationAndRetrospectiveRestatementAxis" xlink:title="definition: StatementOfChangesInEquityTable to RetrospectiveApplicationAndRetrospectiveRestatementAxis" order="2.0"/>
    <link:loc xlink:type="locator" xlink:href="elts/elts_dbd/dbd-cor_2015-01-01.xsd#dbd_RetrospectiveApplicationAndRetrospectiveRestatementMember" xlink:label="RetrospectiveApplicationAndRetrospectiveRestatementMember" xlink:title="RetrospectiveApplicationAndRetrospectiveRestatementMember"/>
    <link:definitionArc xlink:type="arc" xlink:arcrole="http://xbrl.org/int/dim/arcrole/dimension-domain" xlink:from="RetrospectiveApplicationAndRetrospectiveRestatementAxis" xlink:to="RetrospectiveApplicationAndRetrospectiveRestatementMember" xlink:title="definition: RetrospectiveApplicationAndRetrospectiveRestatementAxis to RetrospectiveApplicationAndRetrospectiveRestatementMember" order="1.0"/>
    <link:loc xlink:type="locator" xlink:href="elts/elts_dbd/dbd-cor_2015-01-01.xsd#dbd_RestatedMember" xlink:label="RestatedMember" xlink:title="RestatedMember"/>
    <link:definitionArc xlink:type="arc" xlink:arcrole="http://xbrl.org/int/dim/arcrole/domain-member" xlink:from="RetrospectiveApplicationAndRetrospectiveRestatementMember" xlink:to="RestatedMember" xlink:title="definition: RetrospectiveApplicationAndRetrospectiveRestatementMember to RestatedMember" order="1.0"/>
  </link:definitionLink>
  <link:definitionLink xlink:type="extended" xlink:role="http://www.dbd.go.th/xbrl/taxonomy/2015-01-01/rol-dbd/rol-dbd_AxisDefaults">
    <link:loc xlink:type="locator" xlink:href="elts/elts_tfrs/tfrs-npae/tfrs-npae-cor_2015-01-01.xsd#tfrs-npae_ComponentsOfEquityAxis" xlink:label="ComponentsOfEquityAxis" xlink:title="ComponentsOfEquityAxis"/>
    <link:loc xlink:type="locator" xlink:href="elts/elts_tfrs/tfrs-npae/tfrs-npae-cor_2015-01-01.xsd#tfrs-npae_EquityMember" xlink:label="EquityMember" xlink:title="EquityMember"/>
    <link:definitionArc xlink:type="arc" xlink:arcrole="http://xbrl.org/int/dim/arcrole/dimension-default" xlink:from="ComponentsOfEquityAxis" xlink:to="EquityMember" xlink:title="definition: ComponentsOfEquityAxis to EquityMember" order="1.0"/>
  </link:definitionLink>
</link:linkbase>
