<?xml version="1.0" encoding="UTF-8"?>
<!--Generated by IRIS i-Deate-->
<!--Copyright © Department Of Business Development. All rights reserved.-->
<link:linkbase xmlns:xsi="http://www.w3.org/2001/XMLSchema-instance" xsi:schemaLocation="http://www.xbrl.org/2003/linkbase http://www.xbrl.org/2003/xbrl-linkbase-2003-12-31.xsd" xmlns:link="http://www.xbrl.org/2003/linkbase" xmlns:xbrli="http://www.xbrl.org/2003/instance" xmlns:xlink="http://www.w3.org/1999/xlink">
  <link:roleRef roleURI="http://www.dbd.go.th/xbrl/taxonomy/2015-01-01/dbd-lab/rol/PresentationLabel" xlink:type="simple" xlink:href="dbd_pre-lab_2015-01-01.xsd#PresentationLabel"/>
  <link:roleRef roleURI="http://www.dbd.go.th/xbrl/taxonomy/2015-01-01/dbd-lab/rol/PresentationTotalLabel" xlink:type="simple" xlink:href="dbd_pre-lab_2015-01-01.xsd#PresentationTotalLabel"/>
  <link:labelLink xlink:type="extended" xlink:role="http://www.xbrl.org/2003/role/link">
    <link:loc xlink:type="locator" xlink:href="elts/elts_tfrs/tfrs-npae/tfrs-npae-cor_2015-01-01.xsd#tfrs-npae_CurrentInvestments" xlink:label="CurrentInvestments" xlink:title="CurrentInvestments"/>
    <link:label xlink:type="resource" xlink:label="label_CurrentInvestments" xlink:role="http://www.dbd.go.th/xbrl/taxonomy/2015-01-01/dbd-lab/rol/PresentationLabel" xlink:title="label_CurrentInvestments" xml:lang="en" id="label_CurrentInvestments">Temporary investments</link:label>
    <link:labelArc xlink:type="arc" xlink:arcrole="http://www.xbrl.org/2003/arcrole/concept-label" xlink:from="CurrentInvestments" xlink:to="label_CurrentInvestments" xlink:title="label: CurrentInvestments to label_CurrentInvestments"/>
    <link:loc xlink:type="locator" xlink:href="elts/elts_tfrs/tfrs-npae/tfrs-npae-cor_2015-01-01.xsd#tfrs-npae_CurrentLoansAndAdvances" xlink:label="CurrentLoansAndAdvances" xlink:title="CurrentLoansAndAdvances"/>
    <link:label xlink:type="resource" xlink:label="label_CurrentLoansAndAdvances" xlink:role="http://www.dbd.go.th/xbrl/taxonomy/2015-01-01/dbd-lab/rol/PresentationLabel" xlink:title="label_CurrentLoansAndAdvances" xml:lang="en" id="label_CurrentLoansAndAdvances">Short-term loans</link:label>
    <link:labelArc xlink:type="arc" xlink:arcrole="http://www.xbrl.org/2003/arcrole/concept-label" xlink:from="CurrentLoansAndAdvances" xlink:to="label_CurrentLoansAndAdvances" xlink:title="label: CurrentLoansAndAdvances to label_CurrentLoansAndAdvances"/>
    <link:loc xlink:type="locator" xlink:href="elts/elts_tfrs/tfrs-npae/tfrs-npae-cor_2015-01-01.xsd#tfrs-npae_OtherNonCurrentInvestments" xlink:label="OtherNonCurrentInvestments" xlink:title="OtherNonCurrentInvestments"/>
    <link:label xlink:type="resource" xlink:label="label_OtherNonCurrentInvestments" xlink:role="http://www.dbd.go.th/xbrl/taxonomy/2015-01-01/dbd-lab/rol/PresentationLabel" xlink:title="label_OtherNonCurrentInvestments" xml:lang="en" id="label_OtherNonCurrentInvestments">Other long-term investments</link:label>
    <link:labelArc xlink:type="arc" xlink:arcrole="http://www.xbrl.org/2003/arcrole/concept-label" xlink:from="OtherNonCurrentInvestments" xlink:to="label_OtherNonCurrentInvestments" xlink:title="label: OtherNonCurrentInvestments to label_OtherNonCurrentInvestments"/>
    <link:loc xlink:type="locator" xlink:href="elts/elts_tfrs/tfrs-npae/tfrs-npae-cor_2015-01-01.xsd#tfrs-npae_NonCurrentLoansAndAdvances" xlink:label="NonCurrentLoansAndAdvances" xlink:title="NonCurrentLoansAndAdvances"/>
    <link:label xlink:type="resource" xlink:label="label_NonCurrentLoansAndAdvances" xlink:role="http://www.dbd.go.th/xbrl/taxonomy/2015-01-01/dbd-lab/rol/PresentationLabel" xlink:title="label_NonCurrentLoansAndAdvances" xml:lang="en" id="label_NonCurrentLoansAndAdvances">Long-term loans</link:label>
    <link:labelArc xlink:type="arc" xlink:arcrole="http://www.xbrl.org/2003/arcrole/concept-label" xlink:from="NonCurrentLoansAndAdvances" xlink:to="label_NonCurrentLoansAndAdvances" xlink:title="label: NonCurrentLoansAndAdvances to label_NonCurrentLoansAndAdvances"/>
    <link:loc xlink:type="locator" xlink:href="elts/elts_tfrs/tfrs-npae/tfrs-npae-cor_2015-01-01.xsd#tfrs-npae_LiabilitiesAndEquityAbstract" xlink:label="LiabilitiesAndEquityAbstract" xlink:title="LiabilitiesAndEquityAbstract"/>
    <link:label xlink:type="resource" xlink:label="label_LiabilitiesAndEquityAbstract" xlink:role="http://www.dbd.go.th/xbrl/taxonomy/2015-01-01/dbd-lab/rol/PresentationLabel" xlink:title="label_LiabilitiesAndEquityAbstract" xml:lang="en" id="label_LiabilitiesAndEquityAbstract">Liabilities and shareholders' equity</link:label>
    <link:labelArc xlink:type="arc" xlink:arcrole="http://www.xbrl.org/2003/arcrole/concept-label" xlink:from="LiabilitiesAndEquityAbstract" xlink:to="label_LiabilitiesAndEquityAbstract" xlink:title="label: LiabilitiesAndEquityAbstract to label_LiabilitiesAndEquityAbstract"/>
    <link:loc xlink:type="locator" xlink:href="elts/elts_tfrs/tfrs-npae/tfrs-npae-cor_2015-01-01.xsd#tfrs-npae_EquityAbstract" xlink:label="EquityAbstract" xlink:title="EquityAbstract"/>
    <link:label xlink:type="resource" xlink:label="label_EquityAbstract" xlink:role="http://www.dbd.go.th/xbrl/taxonomy/2015-01-01/dbd-lab/rol/PresentationLabel" xlink:title="label_EquityAbstract" xml:lang="en" id="label_EquityAbstract">Shareholders' equity</link:label>
    <link:labelArc xlink:type="arc" xlink:arcrole="http://www.xbrl.org/2003/arcrole/concept-label" xlink:from="EquityAbstract" xlink:to="label_EquityAbstract" xlink:title="label: EquityAbstract to label_EquityAbstract"/>
    <link:loc xlink:type="locator" xlink:href="elts/elts_tfrs/tfrs-npae/tfrs-npae-cor_2015-01-01.xsd#tfrs-npae_IssuedAndPaidUpShareCapitalAbstract" xlink:label="IssuedAndPaidUpShareCapitalAbstract" xlink:title="IssuedAndPaidUpShareCapitalAbstract"/>
    <link:label xlink:type="resource" xlink:label="label_IssuedAndPaidUpShareCapitalAbstract" xlink:role="http://www.dbd.go.th/xbrl/taxonomy/2015-01-01/dbd-lab/rol/PresentationLabel" xlink:title="label_IssuedAndPaidUpShareCapitalAbstract" xml:lang="en" id="label_IssuedAndPaidUpShareCapitalAbstract">Paid-up share capital</link:label>
    <link:labelArc xlink:type="arc" xlink:arcrole="http://www.xbrl.org/2003/arcrole/concept-label" xlink:from="IssuedAndPaidUpShareCapitalAbstract" xlink:to="label_IssuedAndPaidUpShareCapitalAbstract" xlink:title="label: IssuedAndPaidUpShareCapitalAbstract to label_IssuedAndPaidUpShareCapitalAbstract"/>
    <link:loc xlink:type="locator" xlink:href="elts/elts_tfrs/tfrs-npae/tfrs-npae-cor_2015-01-01.xsd#tfrs-npae_SharePremiumDiscountAccountOnIssueOfSharesAbstract" xlink:label="SharePremiumDiscountAccountOnIssueOfSharesAbstract" xlink:title="SharePremiumDiscountAccountOnIssueOfSharesAbstract"/>
    <link:label xlink:type="resource" xlink:label="label_SharePremiumDiscountAccountOnIssueOfSharesAbstract" xlink:role="http://www.dbd.go.th/xbrl/taxonomy/2015-01-01/dbd-lab/rol/PresentationLabel" xlink:title="label_SharePremiumDiscountAccountOnIssueOfSharesAbstract" xml:lang="en" id="label_SharePremiumDiscountAccountOnIssueOfSharesAbstract">Share premium account</link:label>
    <link:labelArc xlink:type="arc" xlink:arcrole="http://www.xbrl.org/2003/arcrole/concept-label" xlink:from="SharePremiumDiscountAccountOnIssueOfSharesAbstract" xlink:to="label_SharePremiumDiscountAccountOnIssueOfSharesAbstract" xlink:title="label: SharePremiumDiscountAccountOnIssueOfSharesAbstract to label_SharePremiumDiscountAccountOnIssueOfSharesAbstract"/>
    <link:loc xlink:type="locator" xlink:href="elts/elts_tfrs/tfrs-npae/tfrs-npae-cor_2015-01-01.xsd#tfrs-npae_SharePremiumDiscountAccountPreferenceShares" xlink:label="SharePremiumDiscountAccountPreferenceShares" xlink:title="SharePremiumDiscountAccountPreferenceShares"/>
    <link:label xlink:type="resource" xlink:label="label_SharePremiumDiscountAccountPreferenceShares" xlink:role="http://www.dbd.go.th/xbrl/taxonomy/2015-01-01/dbd-lab/rol/PresentationLabel" xlink:title="label_SharePremiumDiscountAccountPreferenceShares" xml:lang="en" id="label_SharePremiumDiscountAccountPreferenceShares">Share premium account-preference shares</link:label>
    <link:labelArc xlink:type="arc" xlink:arcrole="http://www.xbrl.org/2003/arcrole/concept-label" xlink:from="SharePremiumDiscountAccountPreferenceShares" xlink:to="label_SharePremiumDiscountAccountPreferenceShares" xlink:title="label: SharePremiumDiscountAccountPreferenceShares to label_SharePremiumDiscountAccountPreferenceShares"/>
    <link:loc xlink:type="locator" xlink:href="elts/elts_tfrs/tfrs-npae/tfrs-npae-cor_2015-01-01.xsd#tfrs-npae_SharePremiumDiscountAccountOrdinaryShares" xlink:label="SharePremiumDiscountAccountOrdinaryShares" xlink:title="SharePremiumDiscountAccountOrdinaryShares"/>
    <link:label xlink:type="resource" xlink:label="label_SharePremiumDiscountAccountOrdinaryShares" xlink:role="http://www.dbd.go.th/xbrl/taxonomy/2015-01-01/dbd-lab/rol/PresentationLabel" xlink:title="label_SharePremiumDiscountAccountOrdinaryShares" xml:lang="en" id="label_SharePremiumDiscountAccountOrdinaryShares">Share premium account-ordinary shares</link:label>
    <link:labelArc xlink:type="arc" xlink:arcrole="http://www.xbrl.org/2003/arcrole/concept-label" xlink:from="SharePremiumDiscountAccountOrdinaryShares" xlink:to="label_SharePremiumDiscountAccountOrdinaryShares" xlink:title="label: SharePremiumDiscountAccountOrdinaryShares to label_SharePremiumDiscountAccountOrdinaryShares"/>
    <link:loc xlink:type="locator" xlink:href="elts/elts_tfrs/tfrs-npae/tfrs-npae-cor_2015-01-01.xsd#tfrs-npae_OtherComponentsOfEquity" xlink:label="OtherComponentsOfEquity" xlink:title="OtherComponentsOfEquity"/>
    <link:label xlink:type="resource" xlink:label="label_OtherComponentsOfEquity" xlink:role="http://www.dbd.go.th/xbrl/taxonomy/2015-01-01/dbd-lab/rol/PresentationLabel" xlink:title="label_OtherComponentsOfEquity" xml:lang="en" id="label_OtherComponentsOfEquity">Other components of shareholders' equity</link:label>
    <link:labelArc xlink:type="arc" xlink:arcrole="http://www.xbrl.org/2003/arcrole/concept-label" xlink:from="OtherComponentsOfEquity" xlink:to="label_OtherComponentsOfEquity" xlink:title="label: OtherComponentsOfEquity to label_OtherComponentsOfEquity"/>
    <link:loc xlink:type="locator" xlink:href="elts/elts_tfrs/tfrs-npae/tfrs-npae-cor_2015-01-01.xsd#tfrs-npae_Equity" xlink:label="Equity" xlink:title="Equity"/>
    <link:label xlink:type="resource" xlink:label="label_Equity" xlink:role="http://www.dbd.go.th/xbrl/taxonomy/2015-01-01/dbd-lab/rol/PresentationTotalLabel" xlink:title="label_Equity" xml:lang="en" id="label_Equity">Total shareholders' equity</link:label>
    <link:labelArc xlink:type="arc" xlink:arcrole="http://www.xbrl.org/2003/arcrole/concept-label" xlink:from="Equity" xlink:to="label_Equity" xlink:title="label: Equity to label_Equity"/>
    <link:loc xlink:type="locator" xlink:href="elts/elts_tfrs/tfrs-npae/tfrs-npae-cor_2015-01-01.xsd#tfrs-npae_LiabilitiesAndEquity" xlink:label="LiabilitiesAndEquity" xlink:title="LiabilitiesAndEquity"/>
    <link:label xlink:type="resource" xlink:label="label_LiabilitiesAndEquity" xlink:role="http://www.dbd.go.th/xbrl/taxonomy/2015-01-01/dbd-lab/rol/PresentationTotalLabel" xlink:title="label_LiabilitiesAndEquity" xml:lang="en" id="label_LiabilitiesAndEquity">Total liabilities and shareholders' equity</link:label>
    <link:labelArc xlink:type="arc" xlink:arcrole="http://www.xbrl.org/2003/arcrole/concept-label" xlink:from="LiabilitiesAndEquity" xlink:to="label_LiabilitiesAndEquity" xlink:title="label: LiabilitiesAndEquity to label_LiabilitiesAndEquity"/>
    <link:loc xlink:type="locator" xlink:href="elts/elts_tfrs/tfrs-npae/tfrs-npae-cor_2015-01-01.xsd#tfrs-npae_GainsLossesOnRemeasuringInvestmentsHeldAsAvailableForSale" xlink:label="GainsLossesOnRemeasuringInvestmentsHeldAsAvailableForSale" xlink:title="GainsLossesOnRemeasuringInvestmentsHeldAsAvailableForSale"/>
    <link:label xlink:type="resource" xlink:label="label_GainsLossesOnRemeasuringInvestmentsHeldAsAvailableForSale" xlink:role="http://www.dbd.go.th/xbrl/taxonomy/2015-01-01/dbd-lab/rol/PresentationLabel" xlink:title="label_GainsLossesOnRemeasuringInvestmentsHeldAsAvailableForSale" xml:lang="en" id="label_GainsLossesOnRemeasuringInvestmentsHeldAsAvailableForSale">Gains (losses) on remeasuring available-for-sale investments</link:label>
    <link:labelArc xlink:type="arc" xlink:arcrole="http://www.xbrl.org/2003/arcrole/concept-label" xlink:from="GainsLossesOnRemeasuringInvestmentsHeldAsAvailableForSale" xlink:to="label_GainsLossesOnRemeasuringInvestmentsHeldAsAvailableForSale" xlink:title="label: GainsLossesOnRemeasuringInvestmentsHeldAsAvailableForSale to label_GainsLossesOnRemeasuringInvestmentsHeldAsAvailableForSale"/>
    <link:loc xlink:type="locator" xlink:href="elts/elts_tfrs/tfrs-npae/tfrs-npae-cor_2015-01-01.xsd#tfrs-npae_EquityMember" xlink:label="EquityMember" xlink:title="EquityMember"/>
    <link:label xlink:type="resource" xlink:label="label_EquityMember" xlink:role="http://www.dbd.go.th/xbrl/taxonomy/2015-01-01/dbd-lab/rol/PresentationLabel" xlink:title="label_EquityMember" xml:lang="en" id="label_EquityMember">Total shareholders' equity</link:label>
    <link:labelArc xlink:type="arc" xlink:arcrole="http://www.xbrl.org/2003/arcrole/concept-label" xlink:from="EquityMember" xlink:to="label_EquityMember" xlink:title="label: EquityMember to label_EquityMember"/>
    <link:loc xlink:type="locator" xlink:href="elts/elts_tfrs/tfrs-npae/tfrs-npae-cor_2015-01-01.xsd#tfrs-npae_OtherComponentsOfEquityMember" xlink:label="OtherComponentsOfEquityMember" xlink:title="OtherComponentsOfEquityMember"/>
    <link:label xlink:type="resource" xlink:label="label_OtherComponentsOfEquityMember" xlink:role="http://www.dbd.go.th/xbrl/taxonomy/2015-01-01/dbd-lab/rol/PresentationLabel" xlink:title="label_OtherComponentsOfEquityMember" xml:lang="en" id="label_OtherComponentsOfEquityMember">Other components of shareholders' equity</link:label>
    <link:labelArc xlink:type="arc" xlink:arcrole="http://www.xbrl.org/2003/arcrole/concept-label" xlink:from="OtherComponentsOfEquityMember" xlink:to="label_OtherComponentsOfEquityMember" xlink:title="label: OtherComponentsOfEquityMember to label_OtherComponentsOfEquityMember"/>
    <link:loc xlink:type="locator" xlink:href="elts/elts_tfrs/tfrs-npae/tfrs-npae-cor_2015-01-01.xsd#tfrs-npae_StatementOfChangesInEquityLineItems" xlink:label="StatementOfChangesInEquityLineItems" xlink:title="StatementOfChangesInEquityLineItems"/>
    <link:label xlink:type="resource" xlink:label="label_StatementOfChangesInEquityLineItems" xlink:role="http://www.dbd.go.th/xbrl/taxonomy/2015-01-01/dbd-lab/rol/PresentationLabel" xlink:title="label_StatementOfChangesInEquityLineItems" xml:lang="en" id="label_StatementOfChangesInEquityLineItems">Statement of changes in shareholders' equity</link:label>
    <link:labelArc xlink:type="arc" xlink:arcrole="http://www.xbrl.org/2003/arcrole/concept-label" xlink:from="StatementOfChangesInEquityLineItems" xlink:to="label_StatementOfChangesInEquityLineItems" xlink:title="label: StatementOfChangesInEquityLineItems to label_StatementOfChangesInEquityLineItems"/>
    <link:loc xlink:type="locator" xlink:href="elts/elts_tfrs/tfrs-npae/tfrs-npae-cor_2015-01-01.xsd#tfrs-npae_ChangesInEquityAbstract" xlink:label="ChangesInEquityAbstract" xlink:title="ChangesInEquityAbstract"/>
    <link:label xlink:type="resource" xlink:label="label_ChangesInEquityAbstract" xlink:role="http://www.dbd.go.th/xbrl/taxonomy/2015-01-01/dbd-lab/rol/PresentationLabel" xlink:title="label_ChangesInEquityAbstract" xml:lang="en" id="label_ChangesInEquityAbstract">Changes in shareholders' equity</link:label>
    <link:labelArc xlink:type="arc" xlink:arcrole="http://www.xbrl.org/2003/arcrole/concept-label" xlink:from="ChangesInEquityAbstract" xlink:to="label_ChangesInEquityAbstract" xlink:title="label: ChangesInEquityAbstract to label_ChangesInEquityAbstract"/>
    <link:loc xlink:type="locator" xlink:href="elts/elts_tfrs/tfrs-npae/tfrs-npae-cor_2015-01-01.xsd#tfrs-npae_OtherComponentsOfEquityAbstract" xlink:label="OtherComponentsOfEquityAbstract" xlink:title="OtherComponentsOfEquityAbstract"/>
    <link:label xlink:type="resource" xlink:label="label_OtherComponentsOfEquityAbstract" xlink:role="http://www.dbd.go.th/xbrl/taxonomy/2015-01-01/dbd-lab/rol/PresentationLabel" xlink:title="label_OtherComponentsOfEquityAbstract" xml:lang="en" id="label_OtherComponentsOfEquityAbstract">Other components of shareholders' equity</link:label>
    <link:labelArc xlink:type="arc" xlink:arcrole="http://www.xbrl.org/2003/arcrole/concept-label" xlink:from="OtherComponentsOfEquityAbstract" xlink:to="label_OtherComponentsOfEquityAbstract" xlink:title="label: OtherComponentsOfEquityAbstract to label_OtherComponentsOfEquityAbstract"/>
    <link:loc xlink:type="locator" xlink:href="elts/elts_tfrs/tfrs-npae/tfrs-npae-cor_2015-01-01.xsd#tfrs-npae_IncreaseDecreaseInIssuedAndPaidUpShareCapitalOrdinaryShares" xlink:label="IncreaseDecreaseInIssuedAndPaidUpShareCapitalOrdinaryShares" xlink:title="IncreaseDecreaseInIssuedAndPaidUpShareCapitalOrdinaryShares"/>
    <link:label xlink:type="resource" xlink:label="label_IncreaseDecreaseInIssuedAndPaidUpShareCapitalOrdinaryShares" xlink:role="http://www.dbd.go.th/xbrl/taxonomy/2015-01-01/dbd-lab/rol/PresentationLabel" xlink:title="label_IncreaseDecreaseInIssuedAndPaidUpShareCapitalOrdinaryShares" xml:lang="en" id="label_IncreaseDecreaseInIssuedAndPaidUpShareCapitalOrdinaryShares">Increase (decrease)-ordinary shares</link:label>
    <link:labelArc xlink:type="arc" xlink:arcrole="http://www.xbrl.org/2003/arcrole/concept-label" xlink:from="IncreaseDecreaseInIssuedAndPaidUpShareCapitalOrdinaryShares" xlink:to="label_IncreaseDecreaseInIssuedAndPaidUpShareCapitalOrdinaryShares" xlink:title="label: IncreaseDecreaseInIssuedAndPaidUpShareCapitalOrdinaryShares to label_IncreaseDecreaseInIssuedAndPaidUpShareCapitalOrdinaryShares"/>
    <link:loc xlink:type="locator" xlink:href="elts/elts_tfrs/tfrs-npae/tfrs-npae-cor_2015-01-01.xsd#tfrs-npae_IncreaseDecreaseInIssuedAndPaidUpShareCapitalPreferenceShares" xlink:label="IncreaseDecreaseInIssuedAndPaidUpShareCapitalPreferenceShares" xlink:title="IncreaseDecreaseInIssuedAndPaidUpShareCapitalPreferenceShares"/>
    <link:label xlink:type="resource" xlink:label="label_IncreaseDecreaseInIssuedAndPaidUpShareCapitalPreferenceShares" xlink:role="http://www.dbd.go.th/xbrl/taxonomy/2015-01-01/dbd-lab/rol/PresentationLabel" xlink:title="label_IncreaseDecreaseInIssuedAndPaidUpShareCapitalPreferenceShares" xml:lang="en" id="label_IncreaseDecreaseInIssuedAndPaidUpShareCapitalPreferenceShares">Increase (decrease)-preference shares</link:label>
    <link:labelArc xlink:type="arc" xlink:arcrole="http://www.xbrl.org/2003/arcrole/concept-label" xlink:from="IncreaseDecreaseInIssuedAndPaidUpShareCapitalPreferenceShares" xlink:to="label_IncreaseDecreaseInIssuedAndPaidUpShareCapitalPreferenceShares" xlink:title="label: IncreaseDecreaseInIssuedAndPaidUpShareCapitalPreferenceShares to label_IncreaseDecreaseInIssuedAndPaidUpShareCapitalPreferenceShares"/>
    <link:loc xlink:type="locator" xlink:href="elts/elts_tfrs/tfrs-npae/tfrs-npae-cor_2015-01-01.xsd#tfrs-npae_OtherComponentsOfEquityOthers" xlink:label="OtherComponentsOfEquityOthers" xlink:title="OtherComponentsOfEquityOthers"/>
    <link:label xlink:type="resource" xlink:label="label_OtherComponentsOfEquityOthers" xlink:role="http://www.dbd.go.th/xbrl/taxonomy/2015-01-01/dbd-lab/rol/PresentationLabel" xlink:title="label_OtherComponentsOfEquityOthers" xml:lang="en" id="label_OtherComponentsOfEquityOthers">Others</link:label>
    <link:labelArc xlink:type="arc" xlink:arcrole="http://www.xbrl.org/2003/arcrole/concept-label" xlink:from="OtherComponentsOfEquityOthers" xlink:to="label_OtherComponentsOfEquityOthers" xlink:title="label: OtherComponentsOfEquityOthers to label_OtherComponentsOfEquityOthers"/>
    <link:loc xlink:type="locator" xlink:href="elts/elts_tfrs/tfrs-npae/tfrs-npae-cor_2015-01-01.xsd#tfrs-npae_EquityRestated" xlink:label="EquityRestated" xlink:title="EquityRestated"/>
    <link:label xlink:type="resource" xlink:label="label_EquityRestated" xlink:role="http://www.dbd.go.th/xbrl/taxonomy/2015-01-01/dbd-lab/rol/PresentationLabel" xlink:title="label_EquityRestated" xml:lang="en" id="label_EquityRestated">Balance-restated</link:label>
    <link:labelArc xlink:type="arc" xlink:arcrole="http://www.xbrl.org/2003/arcrole/concept-label" xlink:from="EquityRestated" xlink:to="label_EquityRestated" xlink:title="label: EquityRestated to label_EquityRestated"/>
    <link:loc xlink:type="locator" xlink:href="elts/elts_tfrs/tfrs-npae/tfrs-npae-cor_2015-01-01.xsd#tfrs-npae_ChangesInEquity" xlink:label="ChangesInEquity" xlink:title="ChangesInEquity"/>
    <link:label xlink:type="resource" xlink:label="label_ChangesInEquity" xlink:role="http://www.dbd.go.th/xbrl/taxonomy/2015-01-01/dbd-lab/rol/PresentationTotalLabel" xlink:title="label_ChangesInEquity" xml:lang="en" id="label_ChangesInEquity">Total changes in shareholders' equity</link:label>
    <link:labelArc xlink:type="arc" xlink:arcrole="http://www.xbrl.org/2003/arcrole/concept-label" xlink:from="ChangesInEquity" xlink:to="label_ChangesInEquity" xlink:title="label: ChangesInEquity to label_ChangesInEquity"/>
  </link:labelLink>
</link:linkbase>
