﻿<?xml version="1.0" encoding="utf-8"?>
<SerialNotes>
  <ExtendedLink Name="rol-dbd_StatementOfFinancialPosition">
    <Element href="tfrs-npae-cor_2015-01-01.xsd#tfrs-npae_TradeAndOtherReceivables" serialNote="4" LabelRole="http://www.xbrl.org/2003/role/label" />
    <Element href="tfrs-npae-cor_2015-01-01.xsd#tfrs-npae_Inventories" serialNote="5" LabelRole="http://www.xbrl.org/2003/role/label" />
    <Element href="tfrs-npae-cor_2015-01-01.xsd#tfrs-npae_PropertyPlantAndEquipment" serialNote="6" LabelRole="http://www.xbrl.org/2003/role/label" />
    <Element href="tfrs-npae-cor_2015-01-01.xsd#tfrs-npae_BankOverdraftsAndShortTermBorrowingFromFinancialInstitutions" serialNote="7" LabelRole="http://www.xbrl.org/2003/role/label" />
    <Element href="tfrs-npae-cor_2015-01-01.xsd#tfrs-npae_TradeAndOtherPayables" serialNote="8" LabelRole="http://www.xbrl.org/2003/role/label" />
    <Element href="tfrs-npae-cor_2015-01-01.xsd#tfrs-npae_CurrentPortionOfLongTermLiabilities" serialNote="10" LabelRole="http://www.xbrl.org/2003/role/label" />
    <Element href="tfrs-npae-cor_2015-01-01.xsd#tfrs-npae_LongTermBorrowings" serialNote="9" LabelRole="http://www.xbrl.org/2003/role/label" />
    <Element href="tfrs-npae-cor_2015-01-01.xsd#tfrs-npae_OtherNonCurrentLiabilities" serialNote="10" LabelRole="http://www.xbrl.org/2003/role/label" />
  </ExtendedLink>
</SerialNotes>