﻿<?xml version="1.0" encoding="utf-8"?>
<xbrli:xbrl xmlns:xbrli="http://www.xbrl.org/2003/instance" xmlns:link="http://www.xbrl.org/2003/linkbase" xmlns:xlink="http://www.w3.org/1999/xlink" xmlns:iso4217="http://www.xbrl.org/2003/iso4217" xmlns:xbrldi="http://xbrl.org/2006/xbrldi" xmlns:dbd="http://www.dbd.go.th/xbrl/taxonomy/2015-01-01/elts/dbd" xmlns:tfrs-npae="http://www.dbd.go.th/xbrl/taxonomy/2015-01-01/elts/tfrs-npae">
<link:schemaRef xlink:type="simple" xlink:href="cmp_2017-12-31.xsd" />
<xbrli:context id="fromto_20170315_20171231">
<xbrli:entity>
<xbrli:identifier scheme="http://www.cmp.com/">0105560042799</xbrli:identifier>
</xbrli:entity>
<xbrli:period>
<xbrli:startDate>2017-03-15</xbrli:startDate>
<xbrli:endDate>2017-12-31</xbrli:endDate>
</xbrli:period>
</xbrli:context>
<xbrli:context id="asof_20171231">
<xbrli:entity>
<xbrli:identifier scheme="http://www.cmp.com/">0105560042799</xbrli:identifier>
</xbrli:entity>
<xbrli:period>
<xbrli:instant>2017-12-31</xbrli:instant>
</xbrli:period>
</xbrli:context>
<xbrli:context id="asof_20170314_IssuedAndPaidUpShareCapitalMember">
<xbrli:entity>
<xbrli:identifier scheme="http://www.cmp.com/">0105560042799</xbrli:identifier>
</xbrli:entity>
<xbrli:period>
<xbrli:instant>2017-03-14</xbrli:instant>
</xbrli:period>
<xbrli:scenario>
<xbrldi:explicitMember dimension="tfrs-npae:ComponentsOfEquityAxis">tfrs-npae:IssuedAndPaidUpShareCapitalMember</xbrldi:explicitMember>
</xbrli:scenario>
</xbrli:context>
<xbrli:context id="asof_20170314_RetainedEarningsMember">
<xbrli:entity>
<xbrli:identifier scheme="http://www.cmp.com/">0105560042799</xbrli:identifier>
</xbrli:entity>
<xbrli:period>
<xbrli:instant>2017-03-14</xbrli:instant>
</xbrli:period>
<xbrli:scenario>
<xbrldi:explicitMember dimension="tfrs-npae:ComponentsOfEquityAxis">tfrs-npae:RetainedEarningsMember</xbrldi:explicitMember>
</xbrli:scenario>
</xbrli:context>
<xbrli:context id="asof_20170314">
<xbrli:entity>
<xbrli:identifier scheme="http://www.cmp.com/">0105560042799</xbrli:identifier>
</xbrli:entity>
<xbrli:period>
<xbrli:instant>2017-03-14</xbrli:instant>
</xbrli:period>
</xbrli:context>
<xbrli:context id="fromto_20170315_20171231_RetainedEarningsMember">
<xbrli:entity>
<xbrli:identifier scheme="http://www.cmp.com/">0105560042799</xbrli:identifier>
</xbrli:entity>
<xbrli:period>
<xbrli:startDate>2017-03-15</xbrli:startDate>
<xbrli:endDate>2017-12-31</xbrli:endDate>
</xbrli:period>
<xbrli:scenario>
<xbrldi:explicitMember dimension="tfrs-npae:ComponentsOfEquityAxis">tfrs-npae:RetainedEarningsMember</xbrldi:explicitMember>
</xbrli:scenario>
</xbrli:context>
<xbrli:context id="asof_20171231_IssuedAndPaidUpShareCapitalMember">
<xbrli:entity>
<xbrli:identifier scheme="http://www.cmp.com/">0105560042799</xbrli:identifier>
</xbrli:entity>
<xbrli:period>
<xbrli:instant>2017-12-31</xbrli:instant>
</xbrli:period>
<xbrli:scenario>
<xbrldi:explicitMember dimension="tfrs-npae:ComponentsOfEquityAxis">tfrs-npae:IssuedAndPaidUpShareCapitalMember</xbrldi:explicitMember>
</xbrli:scenario>
</xbrli:context>
<xbrli:context id="asof_20171231_RetainedEarningsMember">
<xbrli:entity>
<xbrli:identifier scheme="http://www.cmp.com/">0105560042799</xbrli:identifier>
</xbrli:entity>
<xbrli:period>
<xbrli:instant>2017-12-31</xbrli:instant>
</xbrli:period>
<xbrli:scenario>
<xbrldi:explicitMember dimension="tfrs-npae:ComponentsOfEquityAxis">tfrs-npae:RetainedEarningsMember</xbrldi:explicitMember>
</xbrli:scenario>
</xbrli:context>

<xbrli:unit id="THB">
<xbrli:measure>iso4217:THB</xbrli:measure>
</xbrli:unit>
<xbrli:unit id="share">
<xbrli:measure>xbrli:shares</xbrli:measure>
</xbrli:unit>
<xbrli:unit id="THBPerShare">
<xbrli:divide>
<xbrli:unitNumerator><xbrli:measure>iso4217:THB</xbrli:measure></xbrli:unitNumerator>
<xbrli:unitDenominator>
<xbrli:measure>xbrli:shares</xbrli:measure></xbrli:unitDenominator>
</xbrli:divide>
</xbrli:unit>

<dbd:JuristicPersonIdentificationNumber contextRef="fromto_20170315_20171231">0105560042799</dbd:JuristicPersonIdentificationNumber>
<dbd:TypeOfJuristicPerson contextRef="fromto_20170315_20171231">บริษัทจำกัด (Company Limited)</dbd:TypeOfJuristicPerson>
<dbd:NameOfJuristicPerson contextRef="fromto_20170315_20171231">บริษัท สยามคัลเลอร์ อินเตอร์เทรด (2016) จำกัด</dbd:NameOfJuristicPerson>
<dbd:WhetherFilingFinancialStatementsThroughEFilingSystemForFirstTime contextRef="fromto_20170315_20171231">true</dbd:WhetherFilingFinancialStatementsThroughEFilingSystemForFirstTime>
<dbd:WhetherFilingFirstFinancialStatementsSinceIncorporationOrFormationOfLegalEntity contextRef="fromto_20170315_20171231">true</dbd:WhetherFilingFirstFinancialStatementsSinceIncorporationOrFormationOfLegalEntity>
<dbd:StartDateOfCurrentReportingPeriod contextRef="asof_20171231">2017-03-15</dbd:StartDateOfCurrentReportingPeriod>
<dbd:EndDateOfCurrentReportingPeriod contextRef="asof_20171231">2017-12-31</dbd:EndDateOfCurrentReportingPeriod>
<dbd:StartDateOfPreviousReportingPeriod contextRef="asof_20171231">2016-03-15</dbd:StartDateOfPreviousReportingPeriod>
<dbd:EndDateOfPreviousReportingPeriod contextRef="asof_20171231">2016-12-31</dbd:EndDateOfPreviousReportingPeriod>
<dbd:TypeOfBusinessSector contextRef="fromto_20170315_20171231">ทั่วไป(Others)</dbd:TypeOfBusinessSector>
<dbd:FinancialReportingStandardAdoptedInPreparationOfFinancialStatements contextRef="fromto_20170315_20171231">TFRS สำหรับกิจการที่ไม่มีส่วนได้เสียสาธารณะ (TFRS for NPAEs)</dbd:FinancialReportingStandardAdoptedInPreparationOfFinancialStatements>
<dbd:TemplateOfFinancialStatements contextRef="fromto_20170315_20171231">รูปแบบทั่วไป (General template)</dbd:TemplateOfFinancialStatements>
<dbd:NatureOfFinancialStatements contextRef="fromto_20170315_20171231">งบการเงินเฉพาะกิจการ (Separate Financial Statements)</dbd:NatureOfFinancialStatements>
<dbd:WhetherThereAreRestatementOrReclassificationToComparativeAmounts contextRef="fromto_20170315_20171231">false</dbd:WhetherThereAreRestatementOrReclassificationToComparativeAmounts>
<dbd:WhetherRestatedReclassifiedOpeningBalancesForPreviousFinancialReportingPeriodAreToBePresentedInStatementOfFinancialPosition contextRef="fromto_20170315_20171231">false</dbd:WhetherRestatedReclassifiedOpeningBalancesForPreviousFinancialReportingPeriodAreToBePresentedInStatementOfFinancialPosition>
<dbd:AuditStatusOfFinancialStatements contextRef="fromto_20170315_20171231">ตรวจสอบแล้ว (Audited)</dbd:AuditStatusOfFinancialStatements>
<dbd:DescriptionOfPresentationCurrency contextRef="fromto_20170315_20171231">บาท</dbd:DescriptionOfPresentationCurrency>
<dbd:LevelOfRoundingOffUsedInFinancialStatements contextRef="fromto_20170315_20171231">แสดงตามจริง (Actuals)</dbd:LevelOfRoundingOffUsedInFinancialStatements>
<tfrs-npae:CashAndCashEquivalents contextRef="asof_20171231" unitRef="THB" decimals="0">4826164</tfrs-npae:CashAndCashEquivalents>
<tfrs-npae:TradeAndOtherReceivables contextRef="asof_20171231" unitRef="THB" decimals="0">124548</tfrs-npae:TradeAndOtherReceivables>
<tfrs-npae:CurrentLoansAndAdvances contextRef="asof_20171231" unitRef="THB" decimals="0">7004678</tfrs-npae:CurrentLoansAndAdvances>
<tfrs-npae:Inventories contextRef="asof_20171231" unitRef="THB" decimals="2">179824.15</tfrs-npae:Inventories>
<tfrs-npae:OtherCurrentAssets contextRef="asof_20171231" unitRef="THB" decimals="2">25.91</tfrs-npae:OtherCurrentAssets>
<tfrs-npae:CurrentAssets contextRef="asof_20171231" unitRef="THB" decimals="2">12135240.06</tfrs-npae:CurrentAssets>
<tfrs-npae:PropertyPlantAndEquipment contextRef="asof_20171231" unitRef="THB" decimals="2">29352.73</tfrs-npae:PropertyPlantAndEquipment>
<tfrs-npae:NonCurrentAssets contextRef="asof_20171231" unitRef="THB" decimals="2">29352.73</tfrs-npae:NonCurrentAssets>
<tfrs-npae:Assets contextRef="asof_20171231" unitRef="THB" decimals="2">12164592.79</tfrs-npae:Assets>
<tfrs-npae:TradeAndOtherPayables contextRef="asof_20171231" unitRef="THB" decimals="2">102538.68</tfrs-npae:TradeAndOtherPayables>
<tfrs-npae:OtherCurrentLiabilities contextRef="asof_20171231" unitRef="THB" decimals="2">44090.15</tfrs-npae:OtherCurrentLiabilities>
<tfrs-npae:CurrentLiabilities contextRef="asof_20171231" unitRef="THB" decimals="2">146628.83</tfrs-npae:CurrentLiabilities>
<tfrs-npae:LongTermBorrowings contextRef="asof_20171231" unitRef="THB" decimals="0">12950000</tfrs-npae:LongTermBorrowings>
<tfrs-npae:NonCurrentLiabilities contextRef="asof_20171231" unitRef="THB" decimals="0">12950000</tfrs-npae:NonCurrentLiabilities>
<tfrs-npae:Liabilities contextRef="asof_20171231" unitRef="THB" decimals="2">13096628.83</tfrs-npae:Liabilities>
<tfrs-npae:AuthorizedOrdinaryShareCapital contextRef="asof_20171231" unitRef="THB" decimals="0">3000000</tfrs-npae:AuthorizedOrdinaryShareCapital>
<tfrs-npae:NumberOfAuthorizedOrdinaryShares contextRef="asof_20171231" unitRef="share" decimals="INF">30000</tfrs-npae:NumberOfAuthorizedOrdinaryShares>
<tfrs-npae:ParValueOfOrdinaryShares contextRef="asof_20171231" unitRef="THBPerShare" decimals="0">100</tfrs-npae:ParValueOfOrdinaryShares>
<tfrs-npae:IssuedAndPaidUpOrdinaryShareCapital contextRef="asof_20171231" unitRef="THB" decimals="0">3000000</tfrs-npae:IssuedAndPaidUpOrdinaryShareCapital>
<tfrs-npae:UnappropriatedRetainedEarnings contextRef="asof_20171231" unitRef="THB" decimals="2">-3932036.04</tfrs-npae:UnappropriatedRetainedEarnings>
<tfrs-npae:Equity contextRef="asof_20171231" unitRef="THB" decimals="2">-932036.04</tfrs-npae:Equity>
<tfrs-npae:LiabilitiesAndEquity contextRef="asof_20171231" unitRef="THB" decimals="2">12164592.79</tfrs-npae:LiabilitiesAndEquity>
<tfrs-npae:RevenuesFromSalesOrRevenuesFromServices contextRef="fromto_20170315_20171231" unitRef="THB" decimals="2">626060.91</tfrs-npae:RevenuesFromSalesOrRevenuesFromServices>
<tfrs-npae:InterestIncome contextRef="fromto_20170315_20171231" unitRef="THB" decimals="2">2591.71</tfrs-npae:InterestIncome>
<tfrs-npae:OtherIncomes contextRef="fromto_20170315_20171231" unitRef="THB" decimals="2">12108.54</tfrs-npae:OtherIncomes>
<tfrs-npae:Revenue contextRef="fromto_20170315_20171231" unitRef="THB" decimals="2">640761.16</tfrs-npae:Revenue>
<tfrs-npae:CostsOfSaleOfGoodsAndRenderingOfServices contextRef="fromto_20170315_20171231" unitRef="THB" decimals="2">867254.34</tfrs-npae:CostsOfSaleOfGoodsAndRenderingOfServices>
<tfrs-npae:SellingExpense contextRef="fromto_20170315_20171231" unitRef="THB" decimals="2">544313.92</tfrs-npae:SellingExpense>
<tfrs-npae:AdministrativeExpense contextRef="fromto_20170315_20171231" unitRef="THB" decimals="2">3161228.94</tfrs-npae:AdministrativeExpense>
<tfrs-npae:Expenses contextRef="fromto_20170315_20171231" unitRef="THB" decimals="1">4572797.2</tfrs-npae:Expenses>
<tfrs-npae:ProfitLossBeforeFinanceCostsAndIncomeTaxExpense contextRef="fromto_20170315_20171231" unitRef="THB" decimals="2">-3932036.04</tfrs-npae:ProfitLossBeforeFinanceCostsAndIncomeTaxExpense>
<tfrs-npae:ProfitLossBeforeIncomeTaxExpense contextRef="fromto_20170315_20171231" unitRef="THB" decimals="2">-3932036.04</tfrs-npae:ProfitLossBeforeIncomeTaxExpense>
<tfrs-npae:ProfitLoss contextRef="fromto_20170315_20171231" unitRef="THB" decimals="2">-3932036.04</tfrs-npae:ProfitLoss>
<tfrs-npae:Equity contextRef="asof_20170314_IssuedAndPaidUpShareCapitalMember" unitRef="THB" decimals="0">3000000</tfrs-npae:Equity>
<tfrs-npae:Equity contextRef="asof_20170314_RetainedEarningsMember" unitRef="THB" decimals="0">0</tfrs-npae:Equity>
<tfrs-npae:Equity contextRef="asof_20170314" unitRef="THB" decimals="0">3000000</tfrs-npae:Equity>
<tfrs-npae:ProfitLoss contextRef="fromto_20170315_20171231_RetainedEarningsMember" unitRef="THB" decimals="2">-3932036.04</tfrs-npae:ProfitLoss>
<tfrs-npae:ChangesInEquity contextRef="fromto_20170315_20171231_RetainedEarningsMember" unitRef="THB" decimals="2">-3932036.04</tfrs-npae:ChangesInEquity>
<tfrs-npae:ChangesInEquity contextRef="fromto_20170315_20171231" unitRef="THB" decimals="2">-3932036.04</tfrs-npae:ChangesInEquity>
<tfrs-npae:Equity contextRef="asof_20171231_IssuedAndPaidUpShareCapitalMember" unitRef="THB" decimals="0">3000000</tfrs-npae:Equity>
<tfrs-npae:Equity contextRef="asof_20171231_RetainedEarningsMember" unitRef="THB" decimals="2">-3932036.04</tfrs-npae:Equity>


</xbrli:xbrl>