﻿<?xml version="1.0" encoding="utf-8"?>
<!--  Definition Linkbase Generated by IRIS iFile Tool  -->
<linkbase xmlns:xsi="http://www.w3.org/2001/XMLSchema-instance" xsi:schemaLocation="http://www.xbrl.org/2003/linkbase http://www.xbrl.org/2003/xbrl-linkbase-2003-12-31.xsd" xmlns="http://www.xbrl.org/2003/linkbase" xmlns:xlink="http://www.w3.org/1999/xlink" xmlns:xbrli="http://www.xbrl.org/2003/instance" xmlns:xbrldt="http://xbrl.org/2005/xbrldt">
  <roleRef roleURI="http://www.cmp.com/cmp-2018-04-16/role/rol-dbd_FilingInformation" xlink:type="simple" xlink:href="cmp_2017-12-31.xsd#rol-dbd_FilingInformation" />
  <roleRef roleURI="http://www.cmp.com/cmp-2018-04-16/role/AxisDefaults" xlink:type="simple" xlink:href="cmp_2017-12-31.xsd#AxisDefaults" />
  <arcroleRef arcroleURI="http://xbrl.org/int/dim/arcrole/all" xlink:type="simple" xlink:href="http://www.xbrl.org/2005/xbrldt-2005.xsd#all" />
  <arcroleRef arcroleURI="http://xbrl.org/int/dim/arcrole/dimension-default" xlink:type="simple" xlink:href="http://www.xbrl.org/2005/xbrldt-2005.xsd#dimension-default" />
  <arcroleRef arcroleURI="http://xbrl.org/int/dim/arcrole/dimension-domain" xlink:type="simple" xlink:href="http://www.xbrl.org/2005/xbrldt-2005.xsd#dimension-domain" />
  <arcroleRef arcroleURI="http://xbrl.org/int/dim/arcrole/domain-member" xlink:type="simple" xlink:href="http://www.xbrl.org/2005/xbrldt-2005.xsd#domain-member" />
  <arcroleRef arcroleURI="http://xbrl.org/int/dim/arcrole/hypercube-dimension" xlink:type="simple" xlink:href="http://www.xbrl.org/2005/xbrldt-2005.xsd#hypercube-dimension" />
  <definitionLink xlink:type="extended" xlink:role="http://www.cmp.com/cmp-2018-04-16/role/rol-dbd_FilingInformation">
    <loc xlink:type="locator" xlink:href="elts/elts_dbd/dbd-cor_2015-01-01.xsd#dbd_DetailsOfBusinessesOfReportingEntityAbstract" xlink:label="DetailsOfBusinessesOfReportingEntityAbstract" />
    <loc xlink:type="locator" xlink:href="elts/elts_dbd/dbd-cor_2015-01-01.xsd#dbd_DetailsOfBusinessesOfReportingEntityTable" xlink:label="DetailsOfBusinessesOfReportingEntityTable" />
    <loc xlink:type="locator" xlink:href="elts/elts_dbd/dbd-cor_2015-01-01.xsd#dbd_FilingInformationAbstract" xlink:label="FilingInformationAbstract" />
    <loc xlink:type="locator" xlink:href="elts/elts_dbd/dbd-cor_2015-01-01.xsd#dbd_DetailsOfBusinessesOfReportingEntityAbstract" xlink:label="DetailsOfBusinessesOfReportingEntityAbstract_terseLabel" />
    <loc xlink:type="locator" xlink:href="elts/elts_dbd/dbd-cor_2015-01-01.xsd#dbd_BusinessInformationLineItems" xlink:label="BusinessInformationLineItems_terseLabel" />
    <loc xlink:type="locator" xlink:href="elts/elts_dbd/dbd-cor_2015-01-01.xsd#dbd_DescriptionOfProductOrService" xlink:label="DescriptionOfProductOrService" />
    <loc xlink:type="locator" xlink:href="elts/elts_dbd/dbd-cor_2015-01-01.xsd#dbd_PercentageOfRevenueToTotalRevenue" xlink:label="PercentageOfRevenueToTotalRevenue" />
    <loc xlink:type="locator" xlink:href="elts/elts_dbd/dbd-cor_2015-01-01.xsd#dbd_BusinessCode" xlink:label="BusinessCode" />
    <loc xlink:type="locator" xlink:href="elts/elts_dbd/dbd-cor_2015-01-01.xsd#dbd_TypesOfBusinessIDAxis" xlink:label="TypesOfBusinessIDAxis" />
    <loc xlink:type="locator" xlink:href="elts/elts_dbd/dbd-cor_2015-01-01.xsd#dbd_TypeOfBusinessMember" xlink:label="TypeOfBusinessMember" />
    <loc xlink:type="locator" xlink:href="elts/elts_dbd/dbd-cor_2015-01-01.xsd#dbd_BusinessType1Member" xlink:label="BusinessType1Member" />
    <loc xlink:type="locator" xlink:href="elts/elts_dbd/dbd-cor_2015-01-01.xsd#dbd_BusinessType2Member" xlink:label="BusinessType2Member" />
    <definitionArc xlink:type="arc" xlink:arcrole="http://xbrl.org/int/dim/arcrole/all" xlink:from="DetailsOfBusinessesOfReportingEntityAbstract" xlink:to="DetailsOfBusinessesOfReportingEntityTable" use="optional" order="1" xbrldt:closed="true" xbrldt:contextElement="scenario" />
    <definitionArc xlink:type="arc" xlink:arcrole="http://xbrl.org/int/dim/arcrole/domain-member" xlink:from="FilingInformationAbstract" xlink:to="DetailsOfBusinessesOfReportingEntityAbstract_terseLabel" use="optional" order="1" />
    <definitionArc xlink:type="arc" xlink:arcrole="http://xbrl.org/int/dim/arcrole/domain-member" xlink:from="DetailsOfBusinessesOfReportingEntityAbstract_terseLabel" xlink:to="BusinessInformationLineItems_terseLabel" use="optional" order="1" />
    <definitionArc xlink:type="arc" xlink:arcrole="http://xbrl.org/int/dim/arcrole/domain-member" xlink:from="BusinessInformationLineItems_terseLabel" xlink:to="DescriptionOfProductOrService" use="optional" order="2" />
    <definitionArc xlink:type="arc" xlink:arcrole="http://xbrl.org/int/dim/arcrole/domain-member" xlink:from="BusinessInformationLineItems_terseLabel" xlink:to="PercentageOfRevenueToTotalRevenue" use="optional" order="3" />
    <definitionArc xlink:type="arc" xlink:arcrole="http://xbrl.org/int/dim/arcrole/domain-member" xlink:from="BusinessInformationLineItems_terseLabel" xlink:to="BusinessCode" use="optional" order="4" />
    <definitionArc xlink:type="arc" xlink:arcrole="http://xbrl.org/int/dim/arcrole/hypercube-dimension" xlink:from="DetailsOfBusinessesOfReportingEntityTable" xlink:to="TypesOfBusinessIDAxis" use="optional" order="1" />
    <definitionArc xlink:type="arc" xlink:arcrole="http://xbrl.org/int/dim/arcrole/dimension-domain" xlink:from="TypesOfBusinessIDAxis" xlink:to="TypeOfBusinessMember" use="optional" order="1" />
    <definitionArc xlink:type="arc" xlink:arcrole="http://xbrl.org/int/dim/arcrole/domain-member" xlink:from="TypeOfBusinessMember" xlink:to="BusinessType1Member" use="optional" order="1" />
    <definitionArc xlink:type="arc" xlink:arcrole="http://xbrl.org/int/dim/arcrole/domain-member" xlink:from="TypeOfBusinessMember" xlink:to="BusinessType2Member" use="optional" order="2" />
  </definitionLink>
  <definitionLink xlink:type="extended" xlink:role="http://www.cmp.com/cmp-2018-04-16/role/AxisDefaults">
    <loc xlink:type="locator" xlink:href="elts/elts_dbd/dbd-cor_2015-01-01.xsd#dbd_TypesOfBusinessIDAxis" xlink:label="TypesOfBusinessIDAxis" />
    <loc xlink:type="locator" xlink:href="elts/elts_dbd/dbd-cor_2015-01-01.xsd#dbd_TypeOfBusinessMember" xlink:label="TypeOfBusinessMember" />
    <definitionArc xlink:type="arc" xlink:arcrole="http://xbrl.org/int/dim/arcrole/dimension-default" xlink:from="TypesOfBusinessIDAxis" xlink:to="TypeOfBusinessMember" use="optional" order="0" />
  </definitionLink>
</linkbase>