<?xml version="1.0" encoding="UTF-8"?>
<!--Generated by IRIS i-Deate-->
<!--Copyright © Department Of Business Development. All rights reserved.-->
<link:linkbase xmlns:xsi="http://www.w3.org/2001/XMLSchema-instance" xsi:schemaLocation="http://www.xbrl.org/2003/linkbase http://www.xbrl.org/2003/xbrl-linkbase-2003-12-31.xsd" xmlns:link="http://www.xbrl.org/2003/linkbase" xmlns:xlink="http://www.w3.org/1999/xlink" xmlns:xbrli="http://www.xbrl.org/2003/instance">
  <link:roleRef roleURI="http://www.dbd.go.th/xbrl/taxonomy/2015-01-01/dbd-lab/rol/PresentationLabel" xlink:type="simple" xlink:href="dbd_pre-lab_2015-01-01.xsd#PresentationLabel"/>
  <link:roleRef roleURI="http://www.dbd.go.th/xbrl/taxonomy/2015-01-01/dbd-lab/rol/PresentationTotalLabel" xlink:type="simple" xlink:href="dbd_pre-lab_2015-01-01.xsd#PresentationTotalLabel"/>
  <link:labelLink xlink:type="extended" xlink:role="http://www.xbrl.org/2003/role/link">
    <link:loc xlink:type="locator" xlink:href="elts/elts_tfrs/tfrs-npae/tfrs-npae-cor_2015-01-01.xsd#tfrs-npae_CurrentInvestments" xlink:label="CurrentInvestments" xlink:title="CurrentInvestments"/>
    <link:label xlink:type="resource" xlink:label="label_CurrentInvestments" xlink:role="http://www.dbd.go.th/xbrl/taxonomy/2015-01-01/dbd-lab/rol/PresentationLabel" xlink:title="label_CurrentInvestments" xml:lang="en" id="label_CurrentInvestments">Temporary investments</link:label>
    <link:labelArc xlink:type="arc" xlink:arcrole="http://www.xbrl.org/2003/arcrole/concept-label" xlink:from="CurrentInvestments" xlink:to="label_CurrentInvestments" xlink:title="label: CurrentInvestments to label_CurrentInvestments"/>
    <link:loc xlink:type="locator" xlink:href="elts/elts_tfrs/tfrs-npae/tfrs-npae-cor_2015-01-01.xsd#tfrs-npae_CurrentLoansAndAdvances" xlink:label="CurrentLoansAndAdvances" xlink:title="CurrentLoansAndAdvances"/>
    <link:label xlink:type="resource" xlink:label="label_CurrentLoansAndAdvances" xlink:role="http://www.dbd.go.th/xbrl/taxonomy/2015-01-01/dbd-lab/rol/PresentationLabel" xlink:title="label_CurrentLoansAndAdvances" xml:lang="en" id="label_CurrentLoansAndAdvances">Short-term loans</link:label>
    <link:labelArc xlink:type="arc" xlink:arcrole="http://www.xbrl.org/2003/arcrole/concept-label" xlink:from="CurrentLoansAndAdvances" xlink:to="label_CurrentLoansAndAdvances" xlink:title="label: CurrentLoansAndAdvances to label_CurrentLoansAndAdvances"/>
    <link:loc xlink:type="locator" xlink:href="elts/elts_tfrs/tfrs-npae/tfrs-npae-cor_2015-01-01.xsd#tfrs-npae_OtherNonCurrentInvestments" xlink:label="OtherNonCurrentInvestments" xlink:title="OtherNonCurrentInvestments"/>
    <link:label xlink:type="resource" xlink:label="label_OtherNonCurrentInvestments" xlink:role="http://www.dbd.go.th/xbrl/taxonomy/2015-01-01/dbd-lab/rol/PresentationLabel" xlink:title="label_OtherNonCurrentInvestments" xml:lang="en" id="label_OtherNonCurrentInvestments">Other long-term investments</link:label>
    <link:labelArc xlink:type="arc" xlink:arcrole="http://www.xbrl.org/2003/arcrole/concept-label" xlink:from="OtherNonCurrentInvestments" xlink:to="label_OtherNonCurrentInvestments" xlink:title="label: OtherNonCurrentInvestments to label_OtherNonCurrentInvestments"/>
    <link:loc xlink:type="locator" xlink:href="elts/elts_tfrs/tfrs-npae/tfrs-npae-cor_2015-01-01.xsd#tfrs-npae_NonCurrentLoansAndAdvances" xlink:label="NonCurrentLoansAndAdvances" xlink:title="NonCurrentLoansAndAdvances"/>
    <link:label xlink:type="resource" xlink:label="label_NonCurrentLoansAndAdvances" xlink:role="http://www.dbd.go.th/xbrl/taxonomy/2015-01-01/dbd-lab/rol/PresentationLabel" xlink:title="label_NonCurrentLoansAndAdvances" xml:lang="en" id="label_NonCurrentLoansAndAdvances">Long-term loans</link:label>
    <link:labelArc xlink:type="arc" xlink:arcrole="http://www.xbrl.org/2003/arcrole/concept-label" xlink:from="NonCurrentLoansAndAdvances" xlink:to="label_NonCurrentLoansAndAdvances" xlink:title="label: NonCurrentLoansAndAdvances to label_NonCurrentLoansAndAdvances"/>
    <link:loc xlink:type="locator" xlink:href="elts/elts_tfrs/tfrs-npae/tfrs-npae-cor_2015-01-01.xsd#tfrs-npae_LiabilitiesAndEquityAbstract" xlink:label="LiabilitiesAndEquityAbstract" xlink:title="LiabilitiesAndEquityAbstract"/>
    <link:label xlink:type="resource" xlink:label="label_LiabilitiesAndEquityAbstract" xlink:role="http://www.dbd.go.th/xbrl/taxonomy/2015-01-01/dbd-lab/rol/PresentationLabel" xlink:title="label_LiabilitiesAndEquityAbstract" xml:lang="en" id="label_LiabilitiesAndEquityAbstract">Liabilities and partners' equity</link:label>
    <link:labelArc xlink:type="arc" xlink:arcrole="http://www.xbrl.org/2003/arcrole/concept-label" xlink:from="LiabilitiesAndEquityAbstract" xlink:to="label_LiabilitiesAndEquityAbstract" xlink:title="label: LiabilitiesAndEquityAbstract to label_LiabilitiesAndEquityAbstract"/>
    <link:loc xlink:type="locator" xlink:href="elts/elts_tfrs/tfrs-npae/tfrs-npae-cor_2015-01-01.xsd#tfrs-npae_EmployeeBenefitObligation" xlink:label="EmployeeBenefitObligation" xlink:title="EmployeeBenefitObligation"/>
    <link:label xlink:type="resource" xlink:label="label_EmployeeBenefitObligation" xlink:role="http://www.dbd.go.th/xbrl/taxonomy/2015-01-01/dbd-lab/rol/PresentationLabel" xlink:title="label_EmployeeBenefitObligation" xml:lang="en" id="label_EmployeeBenefitObligation">Employee benefit obligation</link:label>
    <link:labelArc xlink:type="arc" xlink:arcrole="http://www.xbrl.org/2003/arcrole/concept-label" xlink:from="EmployeeBenefitObligation" xlink:to="label_EmployeeBenefitObligation" xlink:title="label: EmployeeBenefitObligation to label_EmployeeBenefitObligation"/>
    <link:loc xlink:type="locator" xlink:href="elts/elts_tfrs/tfrs-npae/tfrs-npae-cor_2015-01-01.xsd#tfrs-npae_EquityAbstract" xlink:label="EquityAbstract" xlink:title="EquityAbstract"/>
    <link:label xlink:type="resource" xlink:label="label_EquityAbstract" xlink:role="http://www.dbd.go.th/xbrl/taxonomy/2015-01-01/dbd-lab/rol/PresentationLabel" xlink:title="label_EquityAbstract" xml:lang="en" id="label_EquityAbstract">Partners' equity</link:label>
    <link:labelArc xlink:type="arc" xlink:arcrole="http://www.xbrl.org/2003/arcrole/concept-label" xlink:from="EquityAbstract" xlink:to="label_EquityAbstract" xlink:title="label: EquityAbstract to label_EquityAbstract"/>
    <link:loc xlink:type="locator" xlink:href="elts/elts_tfrs/tfrs-npae/tfrs-npae-cor_2015-01-01.xsd#tfrs-npae_UnappropriatedRetainedEarnings" xlink:label="UnappropriatedRetainedEarnings" xlink:title="UnappropriatedRetainedEarnings"/>
    <link:label xlink:type="resource" xlink:label="label_UnappropriatedRetainedEarnings" xlink:role="http://www.dbd.go.th/xbrl/taxonomy/2015-01-01/dbd-lab/rol/PresentationLabel" xlink:title="label_UnappropriatedRetainedEarnings" xml:lang="en" id="label_UnappropriatedRetainedEarnings">Unappropriated retained earnings</link:label>
    <link:labelArc xlink:type="arc" xlink:arcrole="http://www.xbrl.org/2003/arcrole/concept-label" xlink:from="UnappropriatedRetainedEarnings" xlink:to="label_UnappropriatedRetainedEarnings" xlink:title="label: UnappropriatedRetainedEarnings to label_UnappropriatedRetainedEarnings"/>
    <link:loc xlink:type="locator" xlink:href="elts/elts_tfrs/tfrs-npae/tfrs-npae-cor_2015-01-01.xsd#tfrs-npae_OtherComponentsOfEquity" xlink:label="OtherComponentsOfEquity" xlink:title="OtherComponentsOfEquity"/>
    <link:label xlink:type="resource" xlink:label="label_OtherComponentsOfEquity" xlink:role="http://www.dbd.go.th/xbrl/taxonomy/2015-01-01/dbd-lab/rol/PresentationLabel" xlink:title="label_OtherComponentsOfEquity" xml:lang="en" id="label_OtherComponentsOfEquity">Other components of partners' equity</link:label>
    <link:labelArc xlink:type="arc" xlink:arcrole="http://www.xbrl.org/2003/arcrole/concept-label" xlink:from="OtherComponentsOfEquity" xlink:to="label_OtherComponentsOfEquity" xlink:title="label: OtherComponentsOfEquity to label_OtherComponentsOfEquity"/>
    <link:loc xlink:type="locator" xlink:href="elts/elts_tfrs/tfrs-npae/tfrs-npae-cor_2015-01-01.xsd#tfrs-npae_Equity" xlink:label="Equity" xlink:title="Equity"/>
    <link:label xlink:type="resource" xlink:label="label_Equity" xlink:role="http://www.dbd.go.th/xbrl/taxonomy/2015-01-01/dbd-lab/rol/PresentationTotalLabel" xlink:title="label_Equity" xml:lang="en" id="label_Equity">Total partners' equity</link:label>
    <link:labelArc xlink:type="arc" xlink:arcrole="http://www.xbrl.org/2003/arcrole/concept-label" xlink:from="Equity" xlink:to="label_Equity" xlink:title="label: Equity to label_Equity"/>
    <link:loc xlink:type="locator" xlink:href="elts/elts_tfrs/tfrs-npae/tfrs-npae-cor_2015-01-01.xsd#tfrs-npae_LiabilitiesAndEquity" xlink:label="LiabilitiesAndEquity" xlink:title="LiabilitiesAndEquity"/>
    <link:label xlink:type="resource" xlink:label="label_LiabilitiesAndEquity" xlink:role="http://www.dbd.go.th/xbrl/taxonomy/2015-01-01/dbd-lab/rol/PresentationTotalLabel" xlink:title="label_LiabilitiesAndEquity" xml:lang="en" id="label_LiabilitiesAndEquity">Total liabilities and partners' equity</link:label>
    <link:labelArc xlink:type="arc" xlink:arcrole="http://www.xbrl.org/2003/arcrole/concept-label" xlink:from="LiabilitiesAndEquity" xlink:to="label_LiabilitiesAndEquity" xlink:title="label: LiabilitiesAndEquity to label_LiabilitiesAndEquity"/>
    <link:loc xlink:type="locator" xlink:href="elts/elts_tfrs/tfrs-npae/tfrs-npae-cor_2015-01-01.xsd#tfrs-npae_ProfitLoss" xlink:label="ProfitLoss" xlink:title="ProfitLoss"/>
    <link:label xlink:type="resource" xlink:label="label_ProfitLoss" xlink:role="http://www.dbd.go.th/xbrl/taxonomy/2015-01-01/dbd-lab/rol/PresentationLabel" xlink:title="label_ProfitLoss" xml:lang="en" id="label_ProfitLoss">Net profit (loss)</link:label>
    <link:labelArc xlink:type="arc" xlink:arcrole="http://www.xbrl.org/2003/arcrole/concept-label" xlink:from="ProfitLoss" xlink:to="label_ProfitLoss" xlink:title="label: ProfitLoss to label_ProfitLoss"/>
  </link:labelLink>
</link:linkbase>
